Rk,Player,PlayerID,Pos,Age,Tm,G,GS,MP,FG,FGA,FG%,3P,3PA,3P%,2P,2PA,2P%,eFG%,FT,FTA,FT%,ORB,DRB,TRB,AST,STL,BLK,TOV,PF,PS/G
1,Alex Abrines,abrinal01,SG,23,OKC,16,0,12.6,1.4,4.1,.354,0.8,2.8,.273,0.7,1.3,.524,.446,0.6,0.7,.909,0.1,0.8,0.9,0.4,0.3,0.1,0.8,0.9,4.3
2,Quincy Acy,acyqu01,PF,26,DAL,6,0,8.0,0.8,2.8,.294,0.2,1.2,.143,0.7,1.7,.400,.324,0.3,0.5,.667,0.3,1.0,1.3,0.0,0.0,0.0,0.3,1.5,2.2
3,Steven Adams,adamsst01,C,23,OKC,22,22,30.2,4.3,7.7,.553,0.0,0.0,,4.3,7.7,.553,.553,2.2,3.0,.754,2.8,4.9,7.7,0.6,1.2,0.9,1.9,2.5,10.8
4,Arron Afflalo,afflaar01,SG,31,SAC,20,18,25.8,2.9,6.9,.420,0.7,2.0,.325,2.3,4.9,.459,.467,1.7,1.8,.917,0.3,2.3,2.5,1.2,0.4,0.1,0.2,1.6,8.1
5,Alexis Ajinca,ajincal01,C,28,NOP,11,1,13.0,1.9,4.1,.467,0.0,0.1,.000,1.9,4.0,.477,.467,0.4,0.5,.800,1.0,2.7,3.7,0.1,0.1,0.6,0.5,1.9,4.2
6,Cole Aldrich,aldrico01,C,28,MIN,22,0,13.0,1.3,2.3,.560,0.0,0.0,,1.3,2.3,.560,.560,0.4,0.6,.692,1.3,2.7,4.0,0.5,0.7,0.6,0.3,2.0,3.0
7,LaMarcus Aldridge,aldrila01,PF,31,SAS,21,21,32.9,6.5,13.9,.466,0.5,1.0,.476,6.0,12.9,.465,.483,3.2,4.0,.810,1.8,4.7,6.5,1.7,0.8,1.1,1.5,2.2,16.7
8,Lavoy Allen,allenla01,PF,27,IND,21,0,14.6,0.8,2.5,.321,0.0,0.0,.000,0.8,2.5,.327,.321,0.2,0.3,.667,1.3,1.5,2.8,1.2,0.3,0.3,0.3,1.3,1.8
9,Tony Allen,allento01,SG,35,MEM,17,15,25.6,3.8,8.3,.461,0.1,0.7,.167,3.7,7.6,.488,.468,1.4,2.0,.676,2.2,3.1,5.3,0.9,1.8,0.5,1.4,2.7,9.1
10,Al-Farouq Aminu,aminual01,SF,26,POR,11,8,24.4,1.9,7.2,.266,0.8,4.0,.205,1.1,3.2,.343,.323,0.9,1.9,.476,0.9,5.5,6.5,1.7,1.4,0.7,1.5,1.4,5.5
11,Chris Andersen,anderch01,C,38,CLE,9,0,8.8,0.8,2.0,.389,0.0,0.3,.000,0.8,1.7,.467,.389,0.9,1.3,.667,0.9,1.7,2.6,0.6,0.3,0.4,0.6,1.3,2.4
12,Alan Anderson,anderal01,SF,34,LAC,3,0,9.3,0.7,2.7,.250,0.7,2.0,.333,0.0,0.7,.000,.375,0.0,0.0,,0.7,0.3,1.0,0.7,0.0,0.0,0.3,1.7,2.0
13,Justin Anderson,anderju01,SF,23,DAL,21,2,19.9,2.7,7.2,.377,0.7,2.7,.268,2.0,4.5,.442,.427,1.9,2.4,.765,1.2,2.7,3.9,0.9,0.8,0.5,1.2,1.7,8.0
14,Kyle Anderson,anderky01,SG,23,SAS,20,7,13.8,0.9,2.1,.429,0.3,0.6,.455,0.7,1.6,.419,.488,0.5,0.6,.833,0.5,2.4,2.8,0.9,0.6,0.3,0.4,0.7,2.6
15,Ryan Anderson,anderry01,PF,28,HOU,22,22,30.7,4.3,10.7,.403,2.5,6.1,.403,1.9,4.6,.402,.517,1.8,2.0,.907,1.8,3.6,5.4,1.1,0.4,0.1,1.0,1.9,12.9
16,Giannis Antetokounmpo,antetgi01,SG,22,MIL,20,20,34.5,8.0,15.4,.519,0.6,2.3,.239,7.5,13.1,.569,.537,5.5,7.1,.773,1.6,7.3,8.9,6.1,2.2,2.3,3.4,3.8,22.0
17,Carmelo Anthony,anthoca01,SF,32,NYK,22,22,33.7,8.2,18.9,.436,2.0,6.0,.344,6.2,12.9,.479,.490,3.9,4.5,.867,1.0,5.0,6.0,2.5,1.0,0.4,1.9,2.9,22.4
18,Trevor Ariza,arizatr01,SF,31,HOU,22,22,33.4,4.5,10.1,.444,2.7,7.1,.382,1.8,3.0,.591,.578,0.9,1.1,.792,0.8,4.2,5.0,2.0,2.0,0.3,0.9,1.7,12.6
19,Darrell Arthur,arthuda01,PF,28,DEN,10,1,14.7,2.0,4.5,.444,1.1,2.3,.478,0.9,2.2,.409,.567,0.2,0.2,1.000,0.4,1.9,2.3,1.1,0.2,0.3,1.2,2.1,5.3
20,Omer Asik,asikom01,C,30,NOP,23,18,18.0,1.3,2.6,.517,0.0,0.0,,1.3,2.6,.517,.517,0.9,1.6,.583,1.7,4.6,6.3,0.6,0.2,0.3,0.5,1.7,3.6
21,D.J. Augustin,augusdj01,PG,29,ORL,23,7,20.2,3.2,7.5,.424,1.5,4.0,.385,1.7,3.5,.469,.526,1.7,2.0,.830,0.1,1.2,1.3,2.9,0.3,0.0,1.3,1.4,9.6
22,Luke Babbitt,babbilu01,SF,27,MIA,19,11,15.9,1.5,4.4,.337,1.0,3.1,.328,0.5,1.3,.360,.452,0.3,0.4,.714,0.3,1.6,1.8,0.5,0.4,0.1,0.4,1.2,4.2
23,Ron Baker,bakerro01,SG,23,NYK,6,0,7.3,1.0,3.3,.300,0.5,1.8,.273,0.5,1.5,.333,.375,0.3,0.7,.500,0.2,0.3,0.5,0.5,0.5,0.2,0.3,0.2,2.8
24,Wade Baldwin,baldwwa01,PG,20,MEM,17,1,16.5,1.5,4.6,.316,0.1,0.9,.125,1.4,3.7,.365,.329,1.1,1.4,.792,0.4,1.4,1.8,2.6,0.7,0.3,1.5,1.6,4.2
25,Leandro Barbosa,barbole01,SG,34,PHO,21,0,12.6,2.4,5.0,.472,0.4,1.1,.391,2.0,4.0,.494,.514,0.3,0.3,.857,0.2,1.2,1.4,1.1,0.4,0.0,0.2,1.0,5.5
26,J.J. Barea,bareajo01,PG,32,DAL,9,5,33.1,5.7,13.7,.415,2.0,5.2,.383,3.7,8.4,.434,.488,3.0,3.1,.964,0.4,3.0,3.4,5.4,0.7,0.1,2.0,0.9,16.3
27,Harrison Barnes,barneha02,SF,24,DAL,21,21,37.3,8.2,18.1,.453,1.0,3.1,.303,7.2,15.0,.484,.479,3.0,3.5,.877,1.5,4.2,5.7,1.2,0.8,0.2,1.5,1.8,20.4
28,Matt Barnes,barnema02,SF,36,SAC,21,4,25.5,2.6,7.1,.360,1.2,4.0,.294,1.4,3.1,.446,.443,0.9,1.2,.760,1.0,3.9,4.9,2.8,0.8,0.4,1.8,2.6,7.2
29,Will Barton,bartowi01,SG,26,DEN,11,11,32.1,5.2,12.4,.419,1.3,3.8,.333,3.9,8.5,.457,.471,2.6,3.8,.690,1.4,3.8,5.2,2.5,0.9,0.5,2.1,2.1,14.3
30,Brandon Bass,bassbr01,PF,31,LAC,12,0,8.9,1.5,2.8,.529,0.1,0.1,1.000,1.4,2.8,.515,.544,0.5,0.5,1.000,0.5,0.9,1.4,0.4,0.1,0.2,0.3,0.8,3.6
31,Nicolas Batum,batumni01,SG,28,CHO,21,21,34.8,4.4,11.4,.383,1.7,5.5,.313,2.7,6.0,.448,.458,3.0,3.8,.788,0.7,7.0,7.7,5.5,1.0,0.4,2.3,1.6,13.5
32,Jerryd Bayless,bayleje01,PG,28,PHI,3,1,23.7,3.7,10.7,.344,0.7,1.7,.400,3.0,9.0,.333,.375,3.0,3.3,.900,1.0,3.0,4.0,4.3,0.0,0.0,3.0,1.3,11.0
33,Aron Baynes,baynear01,C,30,DET,24,1,16.5,1.6,3.7,.432,0.0,0.0,,1.6,3.7,.432,.432,1.4,1.6,.872,1.1,3.3,4.4,0.4,0.4,0.4,1.1,2.1,4.6
34,Kent Bazemore,bazemke01,SF,27,ATL,22,22,27.0,4.0,11.0,.358,1.2,4.0,.292,2.8,7.0,.396,.412,1.6,2.0,.795,0.6,2.6,3.2,2.6,1.6,0.6,1.9,2.3,10.7
35,Bradley Beal,bealbr01,SG,23,WAS,18,18,34.8,7.6,16.9,.446,2.9,6.9,.424,4.6,10.0,.461,.533,3.6,4.6,.780,0.8,2.3,3.1,3.1,0.9,0.4,1.8,2.2,21.6
36,Malik Beasley,beaslma01,SG,20,DEN,9,0,6.0,1.0,3.2,.310,0.4,1.4,.308,0.6,1.8,.313,.379,0.4,0.7,.667,0.0,0.4,0.4,0.3,0.2,0.0,0.0,0.4,2.9
37,Michael Beasley,beaslmi01,SF,28,MIL,20,0,15.9,3.6,6.8,.522,0.3,0.7,.462,3.3,6.2,.528,.544,1.2,1.8,.686,0.7,2.9,3.6,0.8,0.5,0.2,1.2,1.6,8.6
38,Marco Belinelli,belinma01,SG,30,CHO,22,0,25.5,3.7,8.4,.443,1.7,4.0,.437,2.0,4.5,.449,.546,1.5,1.8,.872,0.1,2.7,2.9,1.8,0.8,0.2,0.8,1.3,10.7
39,DeAndre' Bembry,bembrde01,SF,22,ATL,8,0,5.3,0.5,1.8,.286,0.0,0.4,.000,0.5,1.4,.364,.286,0.1,0.3,.500,0.3,0.4,0.6,0.3,0.1,0.0,0.5,0.0,1.1
40,Dragan Bender,bendedr01,PF,19,PHO,17,0,12.1,1.2,3.0,.392,0.6,1.9,.344,0.5,1.1,.474,.500,0.0,0.2,.000,0.2,1.4,1.6,0.4,0.2,0.4,0.7,1.2,3.0
41,Anthony Bennett,bennean01,PF,23,BRK,14,1,10.6,1.7,3.9,.436,0.6,2.2,.290,1.1,1.7,.625,.518,0.9,1.4,.650,1.0,2.2,3.2,0.6,0.3,0.0,0.4,0.6,5.0
42,Davis Bertans,bertada01,PF,24,SAS,18,1,10.9,1.2,2.6,.447,0.8,2.0,.417,0.3,0.6,.545,.606,0.2,0.3,.667,0.3,0.8,1.1,0.4,0.1,0.5,0.3,1.0,3.4
43,Patrick Beverley,beverpa01,SG,28,HOU,11,11,29.0,2.9,6.7,.432,1.2,3.1,.382,1.7,3.6,.475,.520,0.5,0.7,.625,1.5,3.3,4.7,4.6,1.5,0.6,1.5,3.0,7.5
44,Bismack Biyombo,biyombi01,C,24,ORL,22,7,25.8,1.9,4.1,.451,0.0,0.0,,1.9,4.1,.451,.451,1.7,3.5,.500,2.4,6.0,8.4,1.1,0.2,1.4,1.5,2.6,5.5
45,Nemanja Bjelica,bjeline01,PF,28,MIN,22,1,16.8,2.5,5.8,.422,1.2,3.4,.360,1.2,2.4,.509,.527,0.8,1.1,.750,0.5,2.8,3.3,1.1,0.7,0.3,1.0,2.0,7.0
46,Tarik Black,blackta01,C,25,LAL,23,0,15.4,2.2,4.4,.500,0.0,0.0,.000,2.2,4.4,.505,.500,1.4,1.8,.786,2.3,2.9,5.2,0.6,0.3,0.6,0.7,2.4,5.9
47,Eric Bledsoe,bledser01,PG,27,PHO,22,22,31.9,6.5,14.7,.443,1.2,4.1,.300,5.3,10.6,.498,.485,4.6,5.6,.815,1.0,4.8,5.8,5.0,1.5,0.3,3.1,3.0,18.8
48,Bojan Bogdanovic,bogdabo02,SF,27,BRK,21,21,28.0,5.1,11.3,.456,1.6,4.9,.333,3.5,6.4,.548,.527,3.1,3.6,.855,0.5,2.8,3.3,1.5,0.4,0.0,1.5,1.7,15.0
49,Andrew Bogut,bogutan01,C,32,DAL,16,16,25.0,1.8,3.8,.475,0.0,0.1,.000,1.8,3.8,.483,.475,0.2,0.7,.273,2.6,7.8,10.4,2.2,0.6,0.9,1.8,3.6,3.8
50,Joel Bolomboy,bolomjo01,PF,23,UTA,7,0,2.1,0.3,0.4,.667,0.0,0.1,.000,0.3,0.3,1.000,.667,0.1,0.3,.500,0.0,1.1,1.1,0.1,0.1,0.3,0.1,0.1,0.7
51,Devin Booker,bookede01,SG,20,PHO,21,21,32.9,7.0,16.6,.424,1.6,4.9,.333,5.4,11.8,.462,.473,3.3,4.1,.793,0.5,2.1,2.6,2.7,0.9,0.3,2.5,3.0,19.0
52,Trevor Booker,booketr01,PF,29,BRK,20,20,28.2,4.6,8.5,.544,0.3,1.1,.238,4.4,7.4,.588,.559,1.4,1.9,.711,2.3,6.6,8.8,2.5,2.0,0.6,1.8,2.3,10.8
53,Avery Bradley,bradlav01,SG,26,BOS,22,22,35.5,7.2,15.3,.472,2.1,5.1,.407,5.1,10.2,.504,.540,1.3,1.7,.763,1.3,6.5,7.8,2.5,1.0,0.3,1.6,2.5,17.9
54,Corey Brewer,breweco01,SF,30,HOU,22,3,15.0,1.7,4.0,.425,0.3,1.6,.194,1.4,2.3,.588,.466,0.6,0.9,.700,0.4,1.7,2.1,1.0,0.6,0.1,0.6,1.9,4.3
55,Malcolm Brogdon,brogdma01,SG,24,MIL,20,0,20.7,2.8,6.8,.404,0.9,2.2,.419,1.9,4.7,.398,.471,1.2,1.3,.920,0.4,1.9,2.3,2.8,0.9,0.1,1.1,1.5,7.6
56,Aaron Brooks,brookaa01,PG,32,IND,19,0,15.0,2.3,5.5,.423,0.8,2.3,.364,1.5,3.2,.467,.500,0.6,0.7,.857,0.3,0.7,1.0,2.2,0.6,0.2,1.4,1.6,6.1
57,Anthony Brown,brownan02,SF,24,NOP,9,0,15.9,1.6,4.6,.341,0.7,2.7,.250,0.9,1.9,.471,.415,0.0,0.0,,0.7,2.2,2.9,0.7,0.6,0.2,0.6,1.4,3.8
58,Bobby Brown,brownbo02,PG,32,HOU,6,0,3.7,0.2,2.0,.083,0.0,0.7,.000,0.2,1.3,.125,.083,0.0,0.0,,0.0,0.3,0.3,0.0,0.0,0.0,0.2,0.3,0.3
59,Jaylen Brown,brownja02,SF,20,BOS,22,3,14.1,2.0,4.5,.440,0.5,1.4,.333,1.5,3.2,.486,.490,0.9,1.5,.594,0.7,1.3,2.0,0.7,0.4,0.3,0.7,1.6,5.3
60,Nicolas Brussino,brussni01,SF,23,DAL,16,0,7.4,0.6,1.5,.375,0.3,1.0,.313,0.3,0.5,.500,.479,0.4,0.4,.857,0.3,0.9,1.1,1.0,0.4,0.2,0.3,0.6,1.8
61,Reggie Bullock,bullore01,SF,25,DET,4,0,10.5,1.8,4.0,.438,0.5,1.8,.286,1.3,2.3,.556,.500,0.0,0.0,,0.8,0.5,1.3,0.3,0.3,0.5,0.3,0.0,4.0
62,Trey Burke,burketr01,PG,24,WAS,17,0,11.6,2.1,4.6,.443,0.3,0.7,.417,1.8,3.9,.448,.475,0.2,0.4,.500,0.2,0.4,0.5,1.4,0.2,0.1,0.5,0.6,4.6
63,Jimmy Butler,butleji01,SF,27,CHI,22,22,36.3,7.8,16.7,.465,1.2,3.5,.351,6.5,13.2,.495,.501,8.6,9.7,.887,1.7,5.0,6.7,4.1,1.6,0.4,2.1,1.7,25.4
64,Bruno Caboclo,cabocbr01,SF,21,TOR,3,0,3.7,0.3,1.0,.333,0.3,0.7,.500,0.0,0.3,.000,.500,0.0,0.0,,0.3,1.0,1.3,1.0,0.7,0.0,0.7,0.7,1.0
65,Jose Calderon,caldejo01,PG,35,LAL,14,9,13.9,1.9,3.9,.481,0.7,1.7,.417,1.1,2.1,.533,.574,0.3,0.3,1.000,0.4,1.8,2.2,2.6,0.4,0.1,1.6,1.1,4.7
66,Kentavious Caldwell-Pope,caldwke01,SG,23,DET,24,24,33.3,5.3,12.6,.416,2.0,5.3,.375,3.3,7.3,.446,.495,2.0,2.5,.814,1.0,2.6,3.6,3.0,1.2,0.1,1.1,1.8,14.5
67,Isaiah Canaan,canaais01,SG,25,CHI,22,0,20.7,2.4,6.1,.393,1.0,3.5,.276,1.5,2.7,.542,.470,1.0,1.1,.880,0.2,1.5,1.7,1.0,0.8,0.0,0.7,1.4,6.8
68,Clint Capela,capelca01,C,22,HOU,22,22,25.8,5.5,8.8,.632,0.0,0.0,,5.5,8.8,.632,.632,1.0,2.1,.457,2.5,6.0,8.5,0.9,0.5,1.9,1.3,2.6,12.0
69,DeMarre Carroll,carrode01,SF,30,TOR,18,18,26.6,3.6,8.2,.442,1.8,4.8,.368,1.8,3.3,.550,.551,1.1,1.6,.714,0.6,2.8,3.4,1.1,1.1,0.5,0.4,2.1,10.1
70,Vince Carter,cartevi01,SG,40,MEM,18,0,26.4,3.2,8.3,.389,1.3,4.8,.279,1.9,3.5,.540,.470,1.5,1.9,.771,0.6,3.3,3.9,1.8,0.8,0.4,0.8,2.6,9.3
71,Michael Carter-Williams,cartemi01,PG,25,CHI,3,0,15.0,1.3,5.0,.267,0.3,0.7,.500,1.0,4.3,.231,.300,1.0,1.3,.750,1.0,2.0,3.0,2.7,0.7,0.7,2.0,2.0,4.0
72,Omri Casspi,casspom01,SF,28,SAC,12,1,18.3,2.3,5.3,.444,0.4,1.5,.278,1.9,3.8,.511,.484,0.4,0.6,.714,0.8,2.8,3.7,1.3,0.4,0.1,0.9,0.9,5.5
73,Willie Cauley-Stein,caulewi01,C,23,SAC,17,0,12.8,2.2,3.9,.567,0.0,0.0,,2.2,3.9,.567,.567,0.7,1.3,.545,0.8,1.2,1.9,0.3,0.5,0.4,0.6,2.5,5.2
74,Tyson Chandler,chandty01,C,34,PHO,14,13,26.9,3.1,4.4,.705,0.0,0.0,,3.1,4.4,.705,.705,1.1,1.5,.714,2.7,8.2,10.9,0.7,0.7,0.4,1.5,3.2,7.2
75,Wilson Chandler,chandwi01,SF,29,DEN,21,2,31.2,7.0,15.4,.455,1.7,4.7,.367,5.3,10.7,.493,.511,2.2,3.0,.758,1.7,5.9,7.6,1.7,0.8,0.2,1.6,2.1,18.0
76,Marquese Chriss,chrisma01,PF,19,PHO,22,15,15.9,2.5,5.7,.432,0.5,1.7,.297,2.0,4.0,.489,.476,1.0,1.5,.647,0.8,2.1,3.0,0.5,0.5,0.5,1.3,2.9,6.4
77,Rakeem Christmas,chrisra01,PF,25,IND,3,0,4.7,0.3,1.3,.250,0.0,0.0,,0.3,1.3,.250,.250,0.3,0.3,1.000,0.3,0.7,1.0,0.3,0.0,0.3,0.0,0.3,1.0
78,Semaj Christon,chrisse01,PG,24,OKC,21,0,13.1,1.1,3.6,.307,0.1,0.7,.200,1.0,2.9,.333,.327,0.2,0.4,.500,0.2,0.9,1.1,2.5,0.3,0.0,0.6,1.1,2.5
79,Ian Clark,clarkia01,SG,25,GSW,20,0,14.0,2.6,5.3,.495,1.0,2.5,.408,1.6,2.8,.571,.590,0.6,0.8,.733,0.2,1.2,1.4,1.1,0.5,0.2,0.5,0.9,6.8
80,Jordan Clarkson,clarkjo01,SG,24,LAL,24,2,28.9,5.8,13.5,.429,1.2,3.8,.311,4.6,9.8,.474,.472,1.8,2.2,.830,0.7,2.1,2.8,2.1,1.6,0.1,2.0,1.8,14.6
81,Darren Collison,collida01,PG,29,SAC,13,9,30.6,4.6,9.5,.484,0.9,2.5,.364,3.7,7.0,.527,.532,3.2,3.7,.875,0.5,1.6,2.2,4.7,1.3,0.1,2.2,1.7,13.4
82,Nick Collison,collini01,PF,36,OKC,5,0,4.4,0.0,0.4,.000,0.0,0.0,,0.0,0.4,.000,.000,0.0,0.0,,0.0,0.4,0.4,1.0,0.0,0.0,0.2,0.6,0.0
83,Mike Conley,conlemi01,PG,29,MEM,17,16,32.2,6.1,13.8,.440,2.5,5.3,.467,3.6,8.5,.424,.530,4.6,5.1,.897,0.4,3.1,3.5,5.7,1.4,0.6,2.3,1.6,19.2
84,Pat Connaughton,connapa01,SG,24,POR,9,0,4.7,0.6,0.8,.714,0.1,0.2,.500,0.4,0.6,.800,.786,0.2,0.3,.667,0.0,0.7,0.7,0.4,0.0,0.1,0.0,0.0,1.4
85,DeMarcus Cousins,couside01,C,26,SAC,21,21,34.4,9.8,21.3,.461,1.8,4.6,.396,8.0,16.7,.479,.503,7.4,9.8,.752,2.4,8.2,10.6,3.4,1.1,1.4,2.7,3.8,28.8
86,Robert Covington,covinro01,SF,26,PHI,20,20,27.7,2.7,8.7,.310,1.9,6.2,.301,0.9,2.6,.333,.417,1.2,1.6,.742,1.1,4.1,5.2,1.1,1.9,0.7,1.7,2.5,8.4
87,Allen Crabbe,crabbal01,SG,24,POR,24,1,28.0,3.3,7.8,.426,1.5,3.8,.391,1.8,4.0,.458,.521,1.5,1.7,.854,0.3,2.6,3.0,1.2,0.5,0.3,0.8,2.1,9.6
88,Jamal Crawford,crawfja01,SG,36,LAC,23,0,25.8,4.3,10.7,.408,1.4,4.1,.337,3.0,6.5,.453,.473,2.3,2.6,.881,0.2,1.4,1.6,2.1,0.7,0.0,1.1,1.3,12.3
89,Jae Crowder,crowdja01,SF,26,BOS,14,14,29.7,4.9,9.9,.496,2.1,5.2,.397,2.9,4.7,.606,.601,1.4,1.5,.905,0.4,4.6,5.1,2.4,1.0,0.4,1.2,2.5,13.3
90,Dante Cunningham,cunnida01,SF,29,NOP,15,10,23.5,2.2,5.6,.393,1.1,2.6,.410,1.1,3.0,.378,.488,0.1,0.3,.400,0.9,3.1,3.9,0.5,0.6,0.7,0.7,1.8,5.6
91,Seth Curry,curryse01,PG,26,DAL,17,6,27.9,4.1,9.6,.421,1.4,4.4,.307,2.7,5.2,.517,.491,0.8,1.1,.778,0.5,2.1,2.5,2.6,1.1,0.2,1.4,1.9,10.3
92,Stephen Curry,curryst01,PG,28,GSW,23,23,33.5,8.5,17.3,.489,3.9,9.7,.401,4.6,7.7,.599,.600,5.1,5.5,.929,0.6,3.4,4.0,5.8,1.8,0.3,3.0,2.6,25.9
93,Troy Daniels,danietr01,SG,25,MEM,13,2,20.9,3.4,9.1,.373,1.9,5.3,.362,1.5,3.8,.388,.479,1.0,1.2,.813,0.2,1.0,1.2,1.0,0.3,0.2,0.5,1.2,9.7
94,Anthony Davis,davisan02,PF,23,NOP,22,22,38.1,11.0,22.2,.498,0.6,2.3,.260,10.5,19.9,.525,.511,8.7,10.5,.823,1.9,9.6,11.5,2.2,1.7,2.8,2.3,2.0,31.4
95,Deyonta Davis,davisde01,C,20,MEM,19,0,8.0,0.9,1.6,.548,0.0,0.0,,0.9,1.6,.548,.548,0.3,0.5,.600,0.7,1.2,1.9,0.1,0.1,0.6,0.4,1.4,2.1
96,Ed Davis,davised01,PF,27,POR,24,10,18.8,1.6,3.3,.487,0.0,0.0,,1.6,3.3,.487,.487,0.9,1.5,.600,2.2,3.2,5.4,0.6,0.3,0.8,0.9,3.3,4.0
97,Dewayne Dedmon,dedmode01,C,27,SAS,17,1,14.5,1.6,3.2,.519,0.0,0.0,,1.6,3.2,.519,.519,0.8,1.2,.650,1.7,4.0,5.7,0.2,0.5,1.3,0.5,2.4,4.1
98,Sam Dekker,dekkesa01,SF,22,HOU,22,0,18.6,2.7,5.4,.504,0.9,2.2,.388,1.9,3.2,.586,.584,0.4,0.6,.643,1.3,2.6,3.9,1.2,0.6,0.3,0.7,1.4,6.7
99,Malcolm Delaney,delanma01,PG,27,ATL,23,0,16.6,2.0,5.4,.376,0.3,1.3,.226,1.7,4.1,.426,.404,1.3,1.5,.912,0.2,1.5,1.7,3.0,0.4,0.0,1.5,1.5,5.7
100,Matthew Dellavedova,dellama01,PG,26,MIL,20,20,28.4,3.3,7.9,.418,1.2,3.1,.371,2.2,4.8,.448,.491,0.9,1.1,.857,0.4,2.3,2.7,5.7,0.9,0.1,2.1,2.1,8.7
101,Luol Deng,denglu01,SF,31,LAL,24,24,24.4,2.5,7.4,.337,0.7,2.5,.283,1.8,4.9,.364,.385,0.9,1.3,.710,1.2,3.8,5.0,1.3,1.0,0.2,0.8,1.3,6.6
102,DeMar DeRozan,derozde01,SG,27,TOR,22,22,35.9,10.0,20.9,.476,0.5,1.8,.282,9.5,19.1,.494,.488,7.6,9.0,.839,1.0,4.4,5.4,4.4,1.3,0.0,2.6,1.9,28.0
103,Cheick Diallo,diallch01,PF,20,NOP,2,0,3.5,0.0,1.0,.000,0.0,0.0,,0.0,1.0,.000,.000,0.0,0.0,,0.5,0.0,0.5,0.0,0.0,0.5,0.0,0.0,0.0
104,Boris Diaw,diawbo01,PF,34,UTA,15,12,21.6,2.1,4.7,.437,0.4,1.8,.222,1.7,2.9,.568,.479,0.4,0.5,.857,0.7,1.8,2.5,2.2,0.2,0.0,1.2,1.7,4.9
105,Gorgui Dieng,dienggo01,PF,27,MIN,22,22,31.3,4.2,8.1,.514,0.1,0.5,.273,4.0,7.6,.530,.522,1.7,2.3,.725,2.6,5.5,8.1,2.4,1.0,1.2,2.0,3.5,10.2
106,Toney Douglas,douglto01,PG,30,MEM,3,0,13.3,1.3,3.3,.400,0.3,1.3,.250,1.0,2.0,.500,.450,1.3,1.3,1.000,0.3,1.3,1.7,1.3,0.0,0.0,0.3,0.7,4.3
107,Goran Dragic,dragigo01,PG,30,MIA,17,17,33.5,6.5,14.5,.445,1.5,3.6,.410,5.0,10.9,.457,.496,3.6,4.5,.792,0.9,2.9,3.8,6.5,1.1,0.2,2.9,2.9,18.0
108,Andre Drummond,drumman01,C,23,DET,23,23,29.7,6.4,12.0,.535,0.0,0.0,1.000,6.3,11.9,.533,.536,1.8,4.0,.452,3.5,9.8,13.3,1.3,1.6,1.2,1.9,2.5,14.7
109,Jared Dudley,dudleja01,PF,31,PHO,21,7,24.8,3.0,6.4,.470,1.5,3.6,.413,1.5,2.8,.542,.586,1.0,1.6,.606,0.7,3.2,3.9,2.0,0.9,0.2,1.3,2.8,8.4
110,Mike Dunleavy,dunlemi02,SF,36,CLE,16,1,15.0,1.3,3.9,.339,0.8,2.6,.286,0.6,1.3,.450,.435,0.5,0.6,.800,0.1,1.6,1.6,0.9,0.3,0.1,0.4,1.1,3.9
111,Kris Dunn,dunnkr01,PG,22,MIN,22,5,17.7,1.5,3.8,.393,0.3,0.7,.400,1.2,3.1,.391,.429,0.9,1.4,.645,0.4,1.8,2.1,2.9,1.2,0.3,1.4,2.3,4.2
112,Kevin Durant,duranke01,SF,28,GSW,23,23,34.4,9.2,16.8,.549,1.9,4.7,.407,7.3,12.1,.604,.606,5.9,6.8,.860,0.7,7.8,8.5,4.8,1.4,1.7,2.1,2.2,26.2
113,Henry Ellenson,ellenhe01,PF,20,DET,5,0,2.8,0.2,0.6,.333,0.0,0.0,,0.2,0.6,.333,.333,0.0,0.0,,0.2,1.0,1.2,0.2,0.0,0.0,0.0,0.0,0.4
114,Wayne Ellington,ellinwa01,SG,29,MIA,6,3,34.0,5.8,12.3,.473,3.0,7.8,.383,2.8,4.5,.630,.595,0.8,1.2,.714,0.0,1.8,1.8,2.0,1.0,0.0,0.3,0.8,15.5
115,Monta Ellis,ellismo01,SG,31,IND,22,21,32.4,3.9,8.9,.441,0.7,2.1,.319,3.2,6.7,.480,.479,1.6,2.0,.837,0.1,3.4,3.5,3.7,1.2,0.5,2.5,2.4,10.1
116,Joel Embiid,embiijo01,C,22,PHI,15,15,23.5,6.1,13.4,.458,1.3,2.9,.442,4.9,10.5,.462,.505,4.7,6.0,.778,2.1,5.5,7.6,1.7,0.6,2.5,3.7,3.3,18.2
117,James Ennis,ennisja01,SF,26,MEM,14,13,29.2,3.0,6.8,.442,1.0,2.9,.341,2.0,3.9,.519,.516,2.1,2.6,.806,1.6,3.6,5.3,1.4,0.9,0.1,1.1,3.1,9.1
118,Tyler Ennis,ennisty01,PG,22,HOU,15,0,8.3,1.1,2.8,.405,0.3,0.7,.364,0.9,2.1,.419,.452,0.1,0.1,.500,0.3,0.5,0.7,1.3,0.3,0.0,0.9,1.3,2.6
119,Dante Exum,exumda01,PG,21,UTA,23,11,21.0,2.4,6.2,.392,0.7,2.7,.262,1.7,3.6,.488,.448,1.0,1.1,.846,0.7,1.7,2.3,1.7,0.2,0.3,1.0,2.4,6.5
120,Kenneth Faried,farieke01,PF,27,DEN,22,14,23.0,3.2,6.7,.483,0.0,0.1,.000,3.2,6.5,.493,.483,2.5,3.4,.730,3.5,5.0,8.5,0.9,1.0,1.0,1.2,2.1,8.9
121,Jordan Farmar,farmajo01,PG,30,SAC,2,0,17.5,2.0,6.0,.333,2.0,4.5,.444,0.0,1.5,.000,.500,0.0,0.0,,0.5,1.0,1.5,4.5,1.0,0.0,1.5,0.5,6.0
122,Derrick Favors,favorde01,PF,25,UTA,11,9,24.0,4.2,8.9,.469,0.1,0.2,.500,4.1,8.7,.469,.474,2.0,3.3,.611,1.4,5.2,6.5,0.6,1.0,1.0,1.3,2.3,10.5
123,Kay Felder,feldeka01,PG,21,CLE,8,0,9.1,1.0,3.1,.320,0.0,0.3,.000,1.0,2.9,.348,.320,1.0,1.3,.800,0.1,0.9,1.0,1.9,0.0,0.1,0.9,0.8,3.0
124,Cristiano Felicio,feliccr01,C,24,CHI,14,0,10.8,1.1,2.8,.410,0.0,0.0,,1.1,2.8,.410,.410,0.5,0.8,.636,1.9,1.9,3.7,0.4,0.1,0.2,0.4,1.1,2.8
125,Raymond Felton,feltora01,PG,32,LAC,22,1,17.0,2.1,4.7,.447,0.7,1.7,.432,1.4,3.0,.455,.524,0.2,0.3,.667,0.3,1.5,1.7,1.4,0.7,0.3,0.8,1.5,5.1
126,Yogi Ferrell,ferreyo01,PG,23,BRK,10,0,15.1,1.8,4.9,.367,0.8,2.7,.296,1.0,2.2,.455,.449,1.0,1.6,.625,0.4,0.8,1.2,1.7,0.2,0.2,1.4,1.1,5.4
127,Dorian Finney-Smith,finnedo01,PF,23,DAL,20,13,19.5,1.4,4.0,.350,0.7,2.5,.286,0.7,1.6,.452,.438,0.7,1.0,.737,0.6,1.4,2.0,0.9,0.5,0.3,0.5,1.6,4.2
128,Bryn Forbes,forbebr01,SG,23,SAS,10,0,5.3,0.4,1.3,.308,0.1,0.6,.167,0.3,0.7,.429,.346,0.1,0.1,1.000,0.0,0.4,0.4,0.1,0.1,0.0,0.0,0.6,1.0
129,Evan Fournier,fournev01,SG,24,ORL,23,23,33.4,5.7,13.3,.426,1.9,5.1,.368,3.8,8.2,.463,.497,3.6,4.2,.845,0.5,2.5,3.0,3.3,1.1,0.0,2.4,2.7,16.7
130,Randy Foye,foyera01,SG,33,BRK,15,1,17.3,1.8,5.2,.346,1.1,3.3,.327,0.7,1.9,.379,.449,0.6,0.7,.818,0.1,2.5,2.5,2.1,0.3,0.2,1.5,1.3,5.3
131,Tim Frazier,fraziti01,PG,26,NOP,23,22,30.6,3.7,8.9,.422,0.8,2.3,.333,3.0,6.5,.453,.466,2.1,2.6,.814,0.6,2.8,3.4,7.3,1.0,0.2,2.6,2.7,10.3
132,Channing Frye,fryech01,C,33,CLE,15,0,17.7,3.5,7.8,.453,2.5,5.1,.481,1.1,2.7,.400,.611,0.9,0.9,.929,0.5,2.6,3.1,0.7,0.4,0.7,0.7,1.9,10.4
133,Danilo Gallinari,gallida01,SF,28,DEN,20,20,35.3,4.6,11.7,.393,1.7,4.8,.354,2.9,6.9,.420,.466,5.3,6.1,.861,0.6,3.9,4.5,2.1,0.7,0.4,1.6,1.4,16.2
134,Langston Galloway,gallola01,PG,25,NOP,23,0,21.3,3.6,9.1,.392,1.8,4.7,.380,1.8,4.4,.406,.490,0.5,0.7,.750,0.4,2.1,2.5,1.6,1.1,0.0,0.7,1.4,9.4
135,Marc Gasol,gasolma01,C,32,MEM,23,23,33.8,7.4,16.2,.458,1.6,3.7,.440,5.8,12.6,.464,.508,3.4,4.3,.798,0.9,5.2,6.1,4.1,0.9,1.6,2.1,2.1,19.9
136,Pau Gasol,gasolpa01,C,36,SAS,22,22,26.3,4.8,9.8,.493,0.6,1.3,.448,4.2,8.5,.500,.523,1.2,2.1,.587,1.4,6.1,7.5,2.5,0.4,1.1,1.2,1.5,11.5
137,Rudy Gay,gayru01,SF,30,SAC,20,20,34.5,7.0,15.0,.467,1.3,3.6,.366,5.7,11.5,.498,.510,4.1,4.8,.844,1.0,5.4,6.4,3.2,1.6,0.7,2.5,2.6,19.4
138,Michael Gbinije,gbinimi01,SG,24,DET,6,0,3.5,0.2,1.3,.125,0.0,0.7,.000,0.2,0.7,.250,.125,0.3,0.3,1.000,0.2,0.2,0.3,0.2,0.0,0.0,0.0,0.3,0.7
139,Alonzo Gee,geeal01,SF,29,DEN,11,0,7.4,0.3,1.1,.250,0.0,0.3,.000,0.3,0.8,.333,.250,0.5,0.8,.556,0.3,0.8,1.1,0.5,0.5,0.1,0.2,1.1,1.0
140,Paul George,georgpa01,SF,26,IND,15,15,34.9,7.2,16.5,.437,2.2,6.1,.363,5.0,10.4,.481,.504,4.1,4.5,.925,1.1,6.3,7.4,3.4,1.9,0.4,3.0,2.7,20.7
141,Jonathan Gibson,gibsojo01,PG,29,DAL,11,0,18.5,3.1,7.9,.391,1.3,3.6,.350,1.8,4.3,.426,.471,1.7,2.5,.704,0.1,1.8,1.9,2.1,0.7,0.0,1.8,1.5,9.2
142,Taj Gibson,gibsota01,PF,31,CHI,22,22,28.9,5.3,9.7,.547,0.0,0.0,.000,5.3,9.7,.549,.547,1.4,2.1,.660,2.2,5.7,7.9,1.5,0.6,1.1,1.7,2.4,12.0
143,Manu Ginobili,ginobma01,SG,39,SAS,19,0,19.6,2.4,6.7,.359,1.2,3.3,.355,1.3,3.5,.364,.445,1.5,1.7,.875,0.4,2.2,2.6,2.5,1.3,0.3,1.5,1.6,7.5
144,Rudy Gobert,goberru01,C,24,UTA,24,24,32.2,4.0,6.0,.664,0.0,0.0,,4.0,6.0,.664,.664,3.7,5.6,.664,3.3,8.3,11.5,1.0,0.5,2.6,1.6,3.1,11.6
145,Archie Goodwin,goodwar01,SG,22,NOP,3,0,10.0,0.7,1.7,.400,0.3,0.7,.500,0.3,1.0,.333,.500,3.3,3.3,1.000,0.0,0.0,0.0,0.3,0.0,0.3,0.0,0.3,5.0
146,Aaron Gordon,gordoaa01,SF,21,ORL,23,15,25.9,3.9,9.6,.405,0.8,2.8,.292,3.0,6.7,.452,.448,1.0,1.9,.545,1.0,3.4,4.4,1.7,0.8,0.7,1.0,1.9,9.6
147,Eric Gordon,gordoer01,SG,28,HOU,22,8,31.0,5.9,13.5,.439,3.4,8.2,.417,2.5,5.3,.474,.566,1.8,2.2,.796,0.4,2.5,2.9,2.5,0.7,0.5,1.9,2.0,17.0
148,Marcin Gortat,gortama01,C,32,WAS,21,21,35.4,4.8,8.5,.559,0.0,0.0,.000,4.8,8.5,.562,.559,1.6,2.6,.611,3.1,8.7,11.8,1.5,0.5,1.2,1.5,3.5,11.1
149,Treveon Graham,grahatr01,SG,23,CHO,5,1,9.6,0.8,1.2,.667,0.6,0.8,.750,0.2,0.4,.500,.917,0.0,0.0,,0.0,1.2,1.2,0.4,0.0,0.0,0.2,2.2,2.2
150,Jerami Grant,grantje01,SF,22,TOT,21,0,19.9,2.3,5.0,.471,0.5,1.5,.355,1.8,3.5,.521,.524,1.1,2.3,.490,0.3,2.5,2.8,0.4,0.6,1.0,0.7,2.0,6.3
150,Jerami Grant,grantje01,SF,22,PHI,2,0,20.5,3.0,8.5,.353,0.0,1.0,.000,3.0,7.5,.400,.353,2.0,4.0,.500,0.0,3.5,3.5,0.0,0.0,2.0,1.5,2.5,8.0
150,Jerami Grant,grantje01,SF,22,OKC,19,0,19.8,2.3,4.6,.494,0.6,1.5,.379,1.7,3.1,.552,.557,1.1,2.2,.488,0.3,2.4,2.7,0.5,0.6,0.9,0.6,2.0,6.2
151,Jerian Grant,grantje02,PG,24,CHI,15,3,13.2,1.4,4.5,.313,0.3,1.4,.238,1.1,3.1,.348,.351,0.8,0.8,1.000,0.1,1.3,1.5,1.2,0.8,0.1,0.4,1.4,3.9
152,Danny Green,greenda02,SG,29,SAS,15,15,25.5,2.5,5.7,.442,1.8,4.4,.409,0.7,1.3,.550,.599,0.5,0.7,.800,0.2,2.7,2.9,2.1,0.7,0.7,0.9,1.7,7.4
153,Draymond Green,greendr01,PF,26,GSW,22,22,33.1,3.9,8.9,.434,1.1,3.3,.329,2.8,5.6,.496,.495,2.0,3.0,.677,1.8,6.7,8.5,7.3,2.3,1.4,1.9,2.9,10.8
154,Gerald Green,greenge01,SG,31,BOS,12,0,10.0,1.3,4.3,.294,0.6,2.2,.269,0.7,2.1,.320,.363,0.5,0.7,.750,0.3,1.4,1.8,1.3,0.3,0.1,0.6,1.0,3.6
155,JaMychal Green,greenja01,PF,26,MEM,24,24,30.3,3.4,7.3,.466,0.5,1.8,.302,2.9,5.5,.519,.503,2.0,2.5,.800,2.1,5.6,7.7,1.2,0.8,0.7,1.4,3.8,9.4
156,Jeff Green,greenje02,SF,30,ORL,22,8,23.3,3.0,8.1,.376,0.9,3.1,.290,2.1,5.0,.431,.433,1.9,2.2,.837,0.6,2.7,3.3,1.5,0.4,0.3,1.1,1.4,8.9
157,Blake Griffin,griffbl01,PF,27,LAC,22,22,33.0,7.5,16.1,.469,0.2,1.0,.227,7.3,15.1,.485,.476,5.4,7.2,.748,2.0,6.9,9.0,4.6,1.1,0.6,2.1,2.6,20.7
158,Justin Hamilton,hamilju01,C,26,BRK,21,2,21.4,2.5,5.9,.427,1.2,3.5,.342,1.3,2.4,.549,.528,0.5,0.8,.688,1.0,3.0,4.1,0.9,0.7,0.5,0.8,1.6,6.8
159,A.J. Hammons,hammoaj01,C,24,DAL,9,0,4.1,0.4,1.2,.364,0.1,0.1,1.000,0.3,1.1,.300,.409,0.2,0.7,.333,0.4,1.1,1.6,0.2,0.0,0.4,0.0,0.2,1.2
160,Tim Hardaway,hardati02,SG,24,ATL,23,1,21.2,4.2,9.1,.462,1.4,4.5,.308,2.8,4.6,.613,.538,1.3,2.0,.630,0.2,1.5,1.7,1.5,0.4,0.2,0.8,1.0,11.1
161,James Harden,hardeja01,PG,27,HOU,22,22,36.7,8.4,18.5,.451,3.0,8.2,.361,5.4,10.4,.522,.531,8.9,10.5,.844,1.4,6.1,7.5,11.4,1.5,0.3,5.6,2.6,28.5
162,Maurice Harkless,harklma01,SF,23,POR,23,23,31.1,5.2,10.5,.496,1.4,3.9,.371,3.8,6.7,.569,.564,1.1,1.4,.781,2.0,3.4,5.4,1.0,1.0,0.7,1.3,2.8,13.0
163,Montrezl Harrell,harremo01,PF,23,HOU,13,0,13.3,3.0,5.0,.600,0.0,0.0,,3.0,5.0,.600,.600,0.4,0.7,.556,1.5,1.9,3.5,0.6,0.2,0.6,1.1,1.5,6.4
164,Devin Harris,harride01,PG,33,DAL,5,0,15.0,1.0,3.4,.294,0.6,2.4,.250,0.4,1.0,.400,.382,0.6,0.8,.750,0.4,1.8,2.2,1.8,0.8,0.0,0.8,1.4,3.2
165,Gary Harris,harriga01,SG,22,DEN,5,4,22.8,4.2,9.2,.457,0.8,2.6,.308,3.4,6.6,.515,.500,1.6,2.4,.667,0.6,2.6,3.2,2.4,0.4,0.2,1.2,2.0,10.8
166,Joe Harris,harrijo01,SG,25,BRK,21,0,24.9,3.6,8.0,.455,1.8,4.8,.366,1.9,3.1,.591,.566,0.9,1.2,.692,0.3,2.5,2.8,1.3,0.8,0.1,1.4,2.6,9.9
167,Tobias Harris,harrito02,PF,24,DET,24,24,33.6,6.7,13.7,.486,1.2,3.5,.341,5.5,10.2,.537,.530,2.4,2.6,.905,0.5,4.5,5.0,1.8,0.7,0.7,1.5,1.8,16.9
168,Aaron Harrison,harriaa01,SG,22,CHO,4,0,3.8,0.0,1.0,.000,0.0,0.5,.000,0.0,0.5,.000,.000,0.3,0.5,.500,0.0,0.5,0.5,0.5,0.0,0.0,0.0,0.5,0.3
169,Andrew Harrison,harrian01,SG,22,MEM,23,9,27.3,2.0,6.8,.288,0.7,3.0,.246,1.2,3.8,.322,.343,2.2,3.0,.739,0.4,2.0,2.5,3.7,1.3,0.5,1.7,3.4,6.9
170,Udonis Haslem,hasleud01,PF,36,MIA,7,0,5.9,0.3,1.1,.250,0.0,0.1,.000,0.3,1.0,.286,.250,0.3,0.6,.500,0.3,1.1,1.4,0.1,0.1,0.0,0.0,1.0,0.9
171,Spencer Hawes,hawessp01,PF,28,CHO,20,0,17.2,3.0,6.2,.476,0.4,1.4,.286,2.6,4.8,.531,.508,0.7,0.8,.813,1.1,3.2,4.2,1.8,0.5,0.8,1.2,1.3,7.0
172,Gordon Hayward,haywago01,SF,26,UTA,17,17,35.8,7.4,16.7,.444,1.7,4.9,.349,5.7,11.8,.483,.495,6.6,7.5,.882,0.6,5.8,6.4,3.9,1.1,0.2,1.9,1.6,23.1
173,Gerald Henderson,hendege02,SG,29,PHI,22,22,24.5,3.7,8.2,.456,0.8,2.1,.383,2.9,6.0,.481,.506,1.3,1.6,.778,0.5,2.3,2.8,1.4,0.8,0.2,0.9,2.2,9.5
174,John Henson,hensojo01,C,26,MIL,18,11,19.8,2.7,5.2,.511,0.0,0.0,,2.7,5.2,.511,.511,1.8,2.6,.702,1.6,4.3,5.8,1.1,0.4,1.6,1.1,2.7,7.2
175,Juan Hernangomez,hernaju01,PF,21,DEN,18,1,11.2,0.9,2.2,.410,0.4,1.1,.368,0.5,1.1,.450,.500,0.8,1.4,.600,0.4,2.2,2.6,0.4,0.4,0.3,0.4,0.9,3.0
176,Willy Hernangomez,hernawi01,C,22,NYK,19,0,13.1,2.3,3.9,.595,0.1,0.1,1.000,2.3,3.8,.589,.601,0.8,1.1,.750,1.4,2.9,4.3,0.8,0.4,0.4,1.5,1.6,5.5
177,Mario Hezonja,hezonma01,SF,21,ORL,14,0,11.6,1.6,5.1,.306,0.4,2.1,.172,1.2,3.1,.395,.340,0.4,0.6,.667,0.2,1.3,1.5,0.6,0.3,0.1,0.9,0.7,3.9
178,Roy Hibbert,hibbero01,C,30,CHO,17,5,16.1,2.2,4.4,.507,0.0,0.0,,2.2,4.4,.507,.507,1.5,2.0,.735,1.5,2.4,3.9,0.6,0.2,0.9,0.8,2.1,5.9
179,Buddy Hield,hieldbu01,SG,23,NOP,23,3,17.1,2.8,7.9,.359,1.1,4.1,.277,1.7,3.8,.448,.431,0.5,0.5,.917,0.3,2.0,2.3,1.0,0.3,0.1,0.7,1.2,7.3
180,Nene Hilario,hilarne01,C,34,HOU,18,0,17.3,2.8,5.0,.567,0.1,0.2,.500,2.7,4.8,.570,.578,1.5,2.5,.600,1.3,2.4,3.7,0.9,0.4,0.6,1.3,2.5,7.3
181,George Hill,hillge01,PG,30,UTA,11,11,32.7,7.1,13.3,.534,2.4,5.2,.456,4.7,8.1,.584,.623,3.5,3.9,.884,0.4,3.2,3.5,4.2,1.1,0.2,1.4,2.4,20.0
182,Jordan Hill,hilljo01,C,29,MIN,2,0,5.5,1.0,1.5,.667,0.0,0.0,,1.0,1.5,.667,.667,1.0,1.0,1.000,1.5,1.5,3.0,0.0,0.0,0.0,1.0,1.5,3.0
183,Solomon Hill,hillso01,SF,25,NOP,23,15,27.7,1.6,4.7,.343,0.7,2.3,.296,0.9,2.3,.389,.417,1.4,1.8,.805,0.4,3.4,3.9,2.0,1.0,0.5,1.1,2.4,5.3
184,Darrun Hilliard,hillida01,SG,23,DET,14,0,11.0,1.4,3.6,.392,0.4,1.3,.333,1.0,2.4,.424,.451,0.8,1.1,.733,0.1,0.8,0.9,0.9,0.4,0.1,0.8,1.5,4.1
185,Jrue Holiday,holidjr01,PG,26,NOP,9,3,28.4,6.1,13.2,.462,1.6,4.1,.378,4.6,9.1,.500,.521,1.7,2.6,.652,0.3,2.8,3.1,6.1,1.1,0.4,2.7,2.8,15.4
186,Justin Holiday,holidju01,SG,27,NYK,22,2,18.8,2.2,5.6,.398,1.0,2.5,.375,1.3,3.0,.418,.484,0.7,0.8,.882,0.5,2.7,3.2,1.0,0.8,0.4,0.7,1.5,6.1
187,Rondae Hollis-Jefferson,holliro01,SF,22,BRK,18,14,23.6,1.9,6.0,.324,0.3,1.3,.250,1.6,4.7,.345,.352,2.2,2.8,.765,0.5,4.1,4.6,2.7,0.9,0.6,1.4,2.6,6.4
188,Richaun Holmes,holmeri01,PF,23,PHI,19,2,16.7,2.9,5.6,.519,0.4,1.1,.350,2.5,4.5,.558,.552,0.9,1.5,.621,1.6,3.1,4.7,0.9,0.6,1.0,0.9,2.3,7.1
189,Rodney Hood,hoodro01,SG,24,UTA,21,21,30.3,5.7,13.3,.427,2.1,5.8,.369,3.5,7.5,.471,.507,2.2,2.8,.793,0.3,4.0,4.2,2.1,0.8,0.2,1.2,2.4,15.7
190,Al Horford,horfoal01,C,30,BOS,12,12,32.4,6.1,12.3,.493,1.3,3.7,.364,4.8,8.7,.548,.547,1.5,1.7,.900,1.2,5.3,6.4,5.3,0.6,2.6,1.4,2.4,15.0
191,Danuel House,houseda01,SG,23,WAS,1,0,1.0,0.0,0.0,,0.0,0.0,,0.0,0.0,,,0.0,0.0,,0.0,1.0,1.0,0.0,0.0,0.0,0.0,0.0,0.0
192,Dwight Howard,howardw01,C,31,ATL,22,22,28.7,5.5,9.0,.606,0.0,0.0,,5.5,9.0,.606,.606,2.8,5.6,.500,4.5,8.2,12.7,1.2,1.0,1.5,2.5,3.4,13.7
193,Marcelo Huertas,huertma01,PG,33,LAL,11,1,11.7,0.9,2.8,.323,0.0,0.8,.000,0.9,2.0,.455,.323,0.5,0.9,.500,0.1,1.1,1.2,3.1,0.7,0.1,1.3,0.9,2.3
194,Kris Humphries,humphkr01,PF,31,ATL,19,0,10.8,1.4,3.5,.388,0.3,0.9,.333,1.1,2.6,.408,.433,0.9,1.1,.857,1.0,1.9,2.9,0.5,0.2,0.5,0.7,1.0,4.0
195,R.J. Hunter,hunterj01,SG,23,CHI,3,0,3.0,0.0,0.3,.000,0.0,0.3,.000,0.0,0.0,,.000,0.0,0.0,,0.0,0.3,0.3,0.0,0.0,0.0,0.0,0.0,0.0
196,Serge Ibaka,ibakase01,PF,27,ORL,23,23,30.2,5.7,12.0,.476,1.3,3.2,.392,4.4,8.7,.507,.529,1.6,1.9,.841,1.7,4.9,6.7,0.9,0.6,1.9,1.3,2.4,14.3
197,Andre Iguodala,iguodan01,SF,33,GSW,23,0,24.6,2.3,5.1,.462,0.7,2.3,.296,1.7,2.7,.603,.530,0.4,0.7,.529,0.5,2.9,3.3,3.5,0.9,0.3,0.6,1.3,5.8
198,Ersan Ilyasova,ilyaser01,PF,29,TOT,23,13,26.3,4.7,10.4,.450,1.8,5.0,.365,2.9,5.4,.528,.538,1.7,2.2,.800,1.0,5.1,6.2,1.6,0.5,0.2,1.2,2.3,13.0
198,Ersan Ilyasova,ilyaser01,PF,29,OKC,3,0,20.7,2.0,5.3,.375,1.0,4.0,.250,1.0,1.3,.750,.469,0.0,0.0,,0.7,4.7,5.3,0.3,1.0,0.3,1.3,1.7,5.0
198,Ersan Ilyasova,ilyaser01,PF,29,PHI,20,13,27.2,5.1,11.2,.455,2.0,5.2,.379,3.2,6.1,.521,.542,2.0,2.5,.800,1.1,5.2,6.3,1.8,0.4,0.2,1.2,2.4,14.2
199,Joe Ingles,inglejo01,SF,29,UTA,24,1,17.3,2.1,4.2,.495,1.1,2.4,.466,1.0,1.8,.535,.629,0.7,1.0,.739,0.1,2.0,2.0,1.7,0.8,0.1,0.7,1.7,6.0
200,Brandon Ingram,ingrabr01,SF,19,LAL,24,6,26.8,2.8,7.8,.366,0.7,2.3,.296,2.2,5.5,.394,.409,1.8,2.4,.754,0.5,3.3,3.8,1.8,0.6,0.6,1.6,1.7,8.1
201,Kyrie Irving,irvinky01,PG,24,CLE,20,20,34.0,9.2,19.1,.483,2.6,6.1,.421,6.7,13.0,.512,.550,3.7,4.2,.880,0.8,2.3,3.1,4.8,0.6,0.2,2.5,2.1,24.6
202,Demetrius Jackson,jacksde01,PG,22,BOS,4,0,4.3,0.8,1.0,.750,0.3,0.3,1.000,0.5,0.8,.667,.875,0.8,1.5,.500,0.5,0.5,1.0,0.8,0.0,0.0,0.0,0.0,2.5
203,Reggie Jackson,jacksre01,PG,26,DET,3,3,22.3,4.3,11.0,.394,1.7,4.0,.417,2.7,7.0,.381,.470,1.3,1.7,.800,0.0,2.3,2.3,4.3,0.7,0.3,3.0,2.0,11.7
204,LeBron James,jamesle01,SF,32,CLE,19,19,36.4,8.7,17.3,.502,1.5,4.4,.349,7.2,12.9,.553,.546,5.1,7.1,.716,1.2,6.5,7.6,9.1,1.1,0.5,4.0,1.7,23.9
205,Al Jefferson,jeffeal01,C,32,IND,22,1,15.4,3.4,7.0,.481,0.0,0.0,.000,3.4,7.0,.484,.481,0.7,1.1,.667,1.2,3.1,4.3,1.0,0.2,0.3,0.5,2.0,7.5
206,Richard Jefferson,jefferi01,SF,36,CLE,20,2,18.5,1.7,3.9,.442,0.8,2.2,.372,0.9,1.7,.529,.545,0.5,0.7,.714,0.3,2.2,2.5,0.8,0.4,0.2,0.5,1.4,4.7
207,John Jenkins,jenkijo01,SG,25,PHO,3,0,3.3,0.3,1.3,.250,0.0,0.3,.000,0.3,1.0,.333,.250,0.7,0.7,1.000,0.0,0.3,0.3,0.3,0.0,0.0,0.0,0.0,1.3
208,Brandon Jennings,jennibr01,PG,27,NYK,22,1,22.2,2.6,6.8,.383,1.0,3.2,.310,1.6,3.5,.449,.456,1.3,1.6,.778,0.5,2.3,2.7,5.1,1.0,0.0,1.9,1.5,7.5
209,Jonas Jerebko,jerebjo01,PF,29,BOS,22,1,17.3,1.9,3.9,.482,0.7,1.6,.457,1.1,2.3,.500,.576,0.3,0.4,.778,0.9,2.9,3.7,0.8,0.6,0.3,0.6,1.6,4.8
210,Amir Johnson,johnsam01,PF,29,BOS,22,21,19.7,2.6,4.7,.553,0.3,0.7,.375,2.3,4.0,.586,.583,1.0,1.1,.840,1.5,2.4,4.0,1.8,0.5,0.6,0.9,2.6,6.4
211,James Johnson,johnsja01,PF,29,MIA,20,0,24.4,3.6,7.7,.468,1.1,3.1,.344,2.6,4.7,.548,.536,1.7,2.1,.786,0.9,3.8,4.7,1.9,0.8,1.0,1.7,2.4,9.9
212,Joe Johnson,johnsjo02,SF,35,UTA,24,8,24.5,3.4,7.7,.443,1.3,3.2,.416,2.1,4.5,.463,.530,1.0,1.2,.793,0.4,2.9,3.3,2.0,0.5,0.1,0.9,1.2,9.1
213,Stanley Johnson,johnsst04,SF,20,DET,20,0,13.2,1.3,3.2,.397,0.4,1.2,.304,0.9,2.0,.450,.452,0.6,0.9,.647,0.4,1.8,2.2,0.8,0.4,0.4,0.6,1.3,3.4
214,Tyler Johnson,johnsty01,SG,24,MIA,21,0,30.4,4.5,10.7,.418,1.2,3.1,.385,3.3,7.6,.431,.473,2.9,3.8,.759,0.7,4.0,4.7,3.1,1.2,0.5,1.1,2.0,13.0
215,Wesley Johnson,johnswe01,SF,29,LAC,17,0,12.3,1.1,3.2,.333,0.5,1.9,.281,0.5,1.3,.409,.417,0.3,0.3,1.000,0.6,2.4,3.0,0.4,0.3,0.6,0.4,1.8,2.9
216,Nikola Jokic,jokicni01,PF,21,DEN,20,8,23.6,3.9,7.5,.520,0.3,1.1,.273,3.6,6.4,.563,.540,1.9,2.4,.792,2.4,4.8,7.2,2.7,0.7,0.6,1.5,3.1,10.0
217,Derrick Jones,jonesde02,SF,19,PHO,1,0,3.0,0.0,0.0,,0.0,0.0,,0.0,0.0,,,0.0,0.0,,0.0,0.0,0.0,0.0,0.0,0.0,0.0,0.0,0.0
218,James Jones,jonesja02,SF,36,CLE,11,0,5.3,1.1,1.6,.667,1.0,1.3,.786,0.1,0.4,.250,.972,0.2,0.2,1.000,0.1,0.2,0.3,0.2,0.2,0.2,0.3,0.5,3.4
219,Terrence Jones,joneste01,PF,25,NOP,22,3,24.5,4.0,8.5,.463,0.4,1.8,.200,3.6,6.7,.534,.484,1.9,2.8,.661,1.0,4.8,5.7,1.1,0.8,1.0,1.0,1.4,10.1
220,Tyus Jones,jonesty01,PG,20,MIN,15,0,13.5,1.2,2.9,.409,0.6,1.5,.409,0.6,1.5,.409,.511,0.9,1.0,.933,0.3,1.3,1.6,2.8,0.9,0.0,0.8,0.9,3.9
221,DeAndre Jordan,jordade01,C,28,LAC,23,23,31.7,4.3,6.7,.636,0.0,0.0,.000,4.3,6.7,.641,.636,2.5,4.9,.509,3.3,9.5,12.8,0.6,0.5,1.7,1.6,2.7,11.0
222,Cory Joseph,josepco01,SG,25,TOR,22,0,20.9,3.4,7.2,.465,0.5,1.4,.367,2.9,5.9,.488,.500,1.3,1.7,.784,0.5,2.0,2.5,2.4,0.8,0.1,1.0,1.7,8.5
223,Frank Kaminsky,kaminfr01,C,23,CHO,20,6,26.2,4.3,10.4,.409,1.2,4.3,.282,3.1,6.2,.496,.466,1.2,1.8,.657,0.8,3.9,4.7,2.7,0.5,0.4,1.1,1.5,10.9
224,Enes Kanter,kanteen01,C,24,OKC,22,0,19.3,5.2,9.2,.564,0.1,0.8,.176,5.0,8.4,.600,.572,2.3,3.0,.785,2.0,4.0,6.0,0.6,0.4,0.9,1.4,2.2,12.8
225,Ryan Kelly,kellyry01,PF,25,ATL,8,0,4.9,0.3,0.9,.286,0.1,0.4,.333,0.1,0.5,.250,.357,0.3,0.3,1.000,0.0,1.1,1.1,0.5,0.4,0.3,0.1,0.3,0.9
226,Michael Kidd-Gilchrist,kiddgmi01,SF,23,CHO,21,21,30.3,3.4,7.6,.450,0.0,0.1,.000,3.4,7.5,.459,.450,2.6,3.6,.724,1.8,5.3,7.1,1.3,0.8,1.0,0.8,2.3,9.5
227,Sean Kilpatrick,kilpase01,SG,27,BRK,21,11,27.7,5.5,12.7,.432,1.7,4.8,.347,3.8,7.9,.485,.498,4.0,4.9,.833,0.4,4.3,4.8,2.7,0.8,0.1,2.6,1.8,16.7
228,Brandon Knight,knighbr03,SG,25,PHO,22,4,24.9,4.5,12.1,.372,1.1,3.4,.324,3.4,8.7,.391,.417,3.0,3.5,.855,0.7,2.2,2.9,2.9,0.6,0.0,2.1,1.6,13.0
229,Kyle Korver,korveky01,SG,35,ATL,21,19,28.1,3.2,7.2,.444,1.8,4.4,.398,1.4,2.8,.517,.566,0.7,0.8,.875,0.0,2.3,2.4,2.0,0.9,0.3,1.6,1.7,8.8
230,Kosta Koufos,koufoko01,C,27,SAC,21,17,19.4,2.4,4.8,.510,0.0,0.0,.000,2.4,4.7,.515,.510,0.4,0.8,.529,1.9,4.1,6.0,0.5,0.4,0.5,1.0,2.1,5.3
231,Mindaugas Kuzminskas,kuzmimi01,SF,27,NYK,19,0,11.6,1.6,4.0,.395,0.7,2.0,.368,0.8,2.0,.421,.487,0.5,0.6,.833,0.6,0.9,1.5,0.9,0.4,0.1,0.5,0.9,4.4
232,Skal Labissiere,labissk01,PF,20,SAC,1,0,15.0,3.0,5.0,.600,0.0,0.0,,3.0,5.0,.600,.600,2.0,3.0,.667,3.0,0.0,3.0,0.0,0.0,0.0,0.0,0.0,8.0
233,Jeremy Lamb,lambje01,SG,24,CHO,11,1,16.6,3.4,7.5,.451,0.6,2.4,.269,2.7,5.1,.536,.494,1.8,2.3,.800,0.7,4.5,5.3,1.0,0.3,0.5,1.1,1.0,9.2
234,Nicolas Laprovittola,laproni01,PG,27,SAS,13,3,11.7,1.4,3.1,.450,0.7,1.8,.375,0.7,1.2,.563,.563,0.5,0.5,1.000,0.1,0.6,0.7,1.7,0.2,0.0,1.2,1.5,4.0
235,Joffrey Lauvergne,lauvejo01,C,25,OKC,20,0,14.5,2.3,4.8,.474,0.8,1.9,.405,1.5,2.9,.517,.553,0.4,0.8,.467,1.0,2.9,3.9,0.8,0.5,0.3,0.7,1.7,5.6
236,Zach LaVine,lavinza01,SG,21,MIN,21,21,37.3,7.6,16.1,.470,2.6,6.9,.375,5.0,9.2,.541,.550,2.8,3.1,.892,0.5,2.6,3.0,2.8,0.9,0.2,1.7,2.1,20.5
237,Ty Lawson,lawsoty01,PG,29,SAC,21,14,25.8,2.6,6.6,.391,0.6,1.8,.342,2.0,4.8,.410,.438,1.2,1.6,.765,0.9,2.0,2.9,4.4,1.2,0.1,1.6,1.7,7.0
238,Jake Layman,laymaja01,SF,22,POR,13,0,7.4,1.2,2.8,.405,0.6,2.0,.308,0.5,0.8,.636,.514,0.5,0.5,.857,0.1,0.8,0.8,0.5,0.4,0.1,0.3,0.9,3.4
239,Courtney Lee,leeco01,SG,31,NYK,20,20,29.8,3.9,8.7,.445,1.4,3.1,.452,2.5,5.6,.441,.526,0.7,0.7,.929,0.5,2.5,3.0,2.0,1.0,0.3,1.0,2.0,9.8
240,David Lee,leeda02,PF,33,SAS,23,1,16.7,2.6,4.6,.566,0.0,0.0,,2.6,4.6,.566,.566,1.2,1.7,.737,1.5,3.2,4.7,1.4,0.4,0.4,0.8,1.6,6.4
241,Alex Len,lenal01,C,23,PHO,22,9,23.0,3.1,6.5,.483,0.0,0.1,.000,3.1,6.4,.489,.483,2.6,3.5,.740,2.1,5.5,7.6,0.7,0.5,1.5,1.5,3.7,8.9
242,Kawhi Leonard,leonaka01,SF,25,SAS,23,23,34.0,8.2,17.6,.464,1.9,4.8,.387,6.3,12.8,.493,.517,6.2,6.8,.911,1.2,4.8,6.0,3.0,2.0,0.5,1.8,1.6,24.4
243,Meyers Leonard,leoname01,PF,24,POR,22,4,15.8,2.0,5.5,.372,1.1,3.3,.329,1.0,2.2,.438,.471,0.5,0.5,1.000,0.4,3.1,3.5,1.0,0.1,0.3,0.6,2.4,5.6
244,Jon Leuer,leuerjo01,PF,27,DET,24,0,26.6,4.1,8.5,.480,0.9,2.8,.318,3.2,5.8,.558,.532,1.3,1.5,.861,1.5,5.2,6.7,1.6,0.4,0.5,1.0,2.0,10.3
245,Caris LeVert,leverca01,SG,22,BRK,1,0,9.0,0.0,3.0,.000,0.0,1.0,.000,0.0,2.0,.000,.000,0.0,0.0,,1.0,3.0,4.0,0.0,3.0,0.0,0.0,0.0,0.0
246,DeAndre Liggins,liggide01,SG,28,CLE,12,1,10.3,0.8,1.6,.526,0.3,0.3,1.000,0.6,1.3,.438,.605,0.7,0.9,.727,0.5,1.2,1.7,0.8,0.4,0.1,0.7,1.3,2.6
247,Damian Lillard,lillada01,PG,26,POR,24,24,35.7,8.8,19.3,.457,2.6,7.2,.360,6.3,12.2,.514,.524,7.3,8.3,.889,0.6,4.3,4.9,5.5,1.0,0.3,2.7,2.6,27.6
248,Jeremy Lin,linje01,PG,28,BRK,5,5,26.8,5.2,11.6,.448,1.2,3.8,.316,4.0,7.8,.513,.500,3.4,4.4,.773,0.4,3.4,3.8,6.2,1.4,0.6,2.4,0.4,15.0
249,Shaun Livingston,livinsh01,PG,31,GSW,22,0,17.3,2.0,3.5,.571,0.0,0.0,.000,2.0,3.5,.579,.571,0.5,0.9,.500,0.5,1.6,2.1,1.8,0.4,0.1,0.7,1.5,4.5
250,Kevon Looney,looneke01,PF,20,GSW,20,1,8.1,1.4,2.0,.675,0.1,0.2,.333,1.3,1.9,.703,.688,0.5,0.8,.600,0.9,1.6,2.5,0.5,0.2,0.6,0.2,1.4,3.2
251,Brook Lopez,lopezbr01,C,28,BRK,19,19,28.4,6.9,15.3,.454,2.2,5.8,.378,4.7,9.5,.500,.526,4.0,4.9,.809,1.8,3.5,5.4,2.3,0.6,1.7,2.1,2.3,20.1
252,Robin Lopez,lopezro01,C,28,CHI,22,22,28.3,4.5,9.6,.467,0.0,0.0,.000,4.5,9.6,.469,.467,0.9,1.4,.645,3.9,3.9,7.8,0.8,0.1,1.9,0.9,1.9,9.9
253,Kevin Love,loveke01,PF,28,CLE,20,20,31.9,6.7,14.9,.446,2.7,6.4,.422,4.0,8.5,.465,.537,5.4,6.3,.864,2.4,7.9,10.3,1.6,1.0,0.5,2.0,2.0,21.4
254,Kyle Lowry,lowryky01,PG,30,TOR,22,22,37.4,6.8,15.1,.447,3.0,7.0,.435,3.7,8.1,.458,.548,4.2,5.0,.844,1.0,3.8,4.9,7.6,1.5,0.3,2.9,2.8,20.8
255,John Lucas III,lucasjo02,PG,34,MIN,5,0,2.2,0.2,0.8,.250,0.0,0.2,.000,0.2,0.6,.333,.250,0.0,0.0,,0.0,0.0,0.0,0.2,0.4,0.0,0.0,0.0,0.4
256,Timothe Luwawu-Cabarrot,luwawti01,SF,21,PHI,16,0,6.9,0.7,2.1,.324,0.1,0.7,.182,0.6,1.4,.391,.353,0.8,1.1,.667,0.1,0.9,0.9,0.3,0.3,0.2,0.3,0.9,2.3
257,Trey Lyles,lylestr01,PF,21,UTA,24,3,22.7,3.5,8.6,.411,1.1,3.8,.297,2.4,4.8,.500,.476,0.9,1.1,.846,0.9,3.5,4.4,1.4,0.5,0.4,1.2,1.7,9.1
258,Shelvin Mack,macksh01,PG,26,UTA,24,3,21.6,3.1,7.3,.431,0.7,2.3,.309,2.4,5.0,.487,.480,0.8,1.1,.741,0.2,1.7,1.9,3.0,1.0,0.0,1.7,2.0,7.8
259,Ian Mahinmi,mahinia01,C,30,WAS,1,0,14.0,0.0,1.0,.000,0.0,0.0,,0.0,1.0,.000,.000,1.0,2.0,.500,0.0,1.0,1.0,0.0,1.0,1.0,2.0,3.0,1.0
260,Thon Maker,makerth01,PF,19,MIL,6,0,3.2,0.7,1.3,.500,0.3,0.7,.500,0.3,0.7,.500,.625,0.5,0.7,.750,0.3,1.0,1.3,0.0,0.0,0.2,0.0,0.5,2.2
261,Boban Marjanovic,marjabo01,C,28,DET,9,0,5.1,0.8,2.7,.292,0.0,0.0,,0.8,2.7,.292,.292,0.7,0.8,.857,0.7,1.2,1.9,0.0,0.1,0.3,0.1,0.8,2.2
262,Jarell Martin,martija01,PF,22,MEM,23,2,14.8,1.5,4.3,.347,0.3,0.8,.389,1.2,3.5,.338,.383,1.0,1.4,.727,0.9,3.2,4.0,0.1,0.3,0.3,0.8,2.2,4.3
263,Wesley Matthews,matthwe02,SG,30,DAL,20,20,36.0,4.9,13.1,.375,3.1,8.1,.383,1.8,5.0,.364,.494,2.3,2.6,.865,0.3,2.9,3.2,2.2,1.2,0.2,1.8,2.3,15.2
264,Luc Mbah a Moute,mbahalu01,PF,30,LAC,23,23,23.2,2.2,4.3,.500,0.7,1.6,.405,1.5,2.7,.556,.575,1.0,1.6,.595,0.8,1.6,2.4,0.3,1.3,0.5,0.8,1.3,6.0
265,James Michael McAdoo,mcadoja01,PF,24,GSW,10,0,6.1,0.7,1.7,.412,0.0,0.2,.000,0.7,1.5,.467,.412,0.1,0.5,.200,0.1,1.0,1.1,0.3,0.1,0.3,0.3,0.3,1.5
266,Patrick McCaw,mccawpa01,SG,21,GSW,18,0,13.2,1.4,3.2,.431,0.7,1.9,.382,0.7,1.3,.500,.543,0.2,0.3,.500,0.3,0.8,1.1,1.2,0.4,0.3,0.6,1.2,3.7
267,Sheldon McClellan,mcclesh01,SG,24,WAS,7,2,11.1,1.7,3.9,.444,0.3,1.4,.200,1.4,2.4,.588,.481,0.9,1.0,.857,0.3,0.4,0.7,0.4,0.6,0.0,0.1,0.7,4.6
268,C.J. McCollum,mccolcj01,SG,25,POR,24,24,34.5,8.2,17.3,.475,2.7,5.8,.460,5.5,11.5,.482,.552,3.0,3.4,.901,0.8,2.8,3.6,3.7,1.1,0.5,2.1,2.9,22.1
269,T.J. McConnell,mccontj01,PG,24,PHI,23,0,18.3,1.4,3.6,.402,0.1,0.6,.154,1.3,3.0,.449,.415,0.4,0.6,.692,0.4,1.8,2.2,4.2,1.2,0.1,1.3,1.7,3.3
270,Chris McCullough,mcculch01,PF,21,BRK,9,0,5.4,1.2,2.7,.458,0.1,0.4,.250,1.1,2.2,.500,.479,0.1,0.1,1.000,0.9,0.7,1.6,0.1,0.0,0.2,0.2,0.4,2.7
271,K.J. McDaniels,mcdankj01,SF,23,HOU,14,0,11.6,1.6,3.6,.460,0.5,1.5,.333,1.1,2.1,.552,.530,0.4,0.4,.833,0.2,1.2,1.4,0.1,0.4,0.6,0.4,1.0,4.1
272,Doug McDermott,mcderdo01,SF,25,CHI,10,0,23.9,3.9,7.8,.500,0.9,2.6,.346,3.0,5.2,.577,.558,1.6,1.8,.889,0.2,2.6,2.8,1.5,0.3,0.1,0.9,1.3,10.3
273,JaVale McGee,mcgeeja01,C,29,GSW,19,0,7.3,1.9,3.1,.638,0.0,0.1,.000,1.9,3.0,.649,.638,0.8,1.5,.517,0.9,1.3,2.2,0.3,0.2,0.7,0.8,1.3,4.7
274,Rodney McGruder,mcgruro01,SG,25,MIA,21,9,24.7,2.4,5.9,.407,1.0,2.8,.339,1.4,3.0,.469,.488,0.8,1.2,.680,1.5,1.9,3.4,1.2,0.8,0.3,0.9,2.0,6.5
275,Ben McLemore,mclembe01,SG,23,SAC,16,1,15.9,2.6,6.0,.427,0.6,2.1,.303,1.9,3.9,.492,.479,0.8,1.0,.813,0.2,1.1,1.3,0.6,0.3,0.1,0.8,1.1,6.6
276,Jordan McRae,mcraejo01,SG,25,CLE,11,0,10.5,1.5,4.9,.296,0.5,1.2,.385,1.0,3.7,.268,.343,0.4,0.5,.800,0.3,1.0,1.3,0.6,0.3,0.1,0.3,0.9,3.7
277,Josh McRoberts,mcrobjo01,PF,29,MIA,13,5,17.2,1.6,5.1,.318,0.2,0.9,.250,1.4,4.2,.333,.341,0.4,0.5,.714,1.1,2.7,3.8,2.3,0.6,0.2,1.2,1.5,3.8
278,Jodie Meeks,meeksjo01,SG,29,ORL,4,0,16.3,3.3,7.0,.464,1.8,3.5,.500,1.5,3.5,.429,.589,2.8,2.8,1.000,0.3,0.8,1.0,0.8,1.0,0.0,0.3,1.5,11.0
279,Salah Mejri,mejrisa01,C,30,DAL,17,3,10.9,1.1,1.8,.581,0.0,0.1,.000,1.1,1.7,.621,.581,0.3,0.5,.556,1.1,2.7,3.8,0.3,0.4,0.6,0.6,2.2,2.4
280,Jordan Mickey,mickejo01,PF,22,BOS,9,0,7.6,1.1,2.2,.500,0.0,0.0,,1.1,2.2,.500,.500,0.2,0.6,.400,0.9,1.0,1.9,0.3,0.1,0.0,0.4,0.9,2.4
281,C.J. Miles,milescj01,SF,29,IND,16,3,21.6,4.3,8.9,.479,2.1,4.7,.440,2.2,4.2,.522,.595,1.4,1.6,.920,0.4,2.5,2.9,0.7,0.8,0.6,0.6,1.8,12.0
282,Mike Miller,millemi01,SF,36,DEN,4,0,4.3,0.8,1.0,.750,0.8,1.0,.750,0.0,0.0,,1.125,0.0,0.0,,0.0,1.0,1.0,1.0,0.0,0.0,0.3,0.3,2.3
283,Patrick Mills,millspa02,PG,28,SAS,23,4,23.7,4.0,8.2,.487,2.0,4.7,.430,2.0,3.6,.561,.608,1.4,1.5,.941,0.4,1.7,2.1,3.6,0.7,0.0,1.3,1.4,11.4
284,Paul Millsap,millspa01,PF,31,ATL,20,20,32.8,6.3,13.8,.455,1.0,3.1,.306,5.3,10.7,.498,.489,3.3,4.4,.739,1.6,6.5,8.0,3.5,1.8,0.9,2.4,2.7,16.7
285,Nikola Mirotic,mirotni01,PF,25,CHI,22,2,22.5,2.9,7.7,.376,1.4,4.6,.294,1.5,3.1,.500,.465,1.6,2.2,.735,0.5,5.2,5.7,1.0,0.8,0.7,1.2,1.4,8.8
286,Greg Monroe,monrogr01,C,26,MIL,19,0,18.8,3.4,6.8,.500,0.0,0.0,,3.4,6.8,.500,.500,2.3,2.7,.846,2.0,4.8,6.8,2.1,1.4,0.5,1.5,1.7,9.2
287,E'Twaun Moore,mooreet01,SG,27,NOP,20,18,26.6,4.7,10.3,.454,1.0,2.9,.333,3.7,7.4,.500,.500,0.8,1.1,.762,0.5,1.9,2.3,3.0,0.8,0.4,1.3,2.0,11.1
288,Marcus Morris,morrima03,SF,27,DET,24,24,31.9,5.6,12.8,.438,1.5,4.4,.352,4.1,8.5,.483,.498,1.2,1.4,.824,0.8,3.3,4.2,2.0,0.8,0.4,1.0,2.0,14.0
289,Markieff Morris,morrima02,PF,27,WAS,21,21,31.8,4.6,11.3,.408,0.7,2.1,.318,4.0,9.2,.428,.437,3.0,3.7,.831,1.3,4.2,5.6,1.7,1.2,0.6,2.1,3.0,13.0
290,Anthony Morrow,morroan01,SG,31,OKC,16,0,14.3,2.4,5.3,.447,0.9,2.7,.349,1.4,2.6,.548,.535,0.5,0.6,.800,0.2,0.5,0.7,0.6,0.3,0.1,0.3,0.7,6.2
291,Timofey Mozgov,mozgoti01,C,30,LAL,23,23,21.0,3.6,6.2,.573,0.0,0.0,.000,3.6,6.2,.577,.573,1.3,1.7,.795,2.0,2.7,4.7,1.0,0.2,0.5,1.4,2.4,8.5
292,Emmanuel Mudiay,mudiaem01,PG,20,DEN,22,22,30.2,4.5,12.8,.348,1.0,3.8,.265,3.5,9.0,.382,.387,3.2,4.0,.787,0.7,3.6,4.3,3.8,0.9,0.3,3.0,2.0,13.1
293,Shabazz Muhammad,muhamsh01,SF,24,MIN,19,0,16.6,2.4,5.6,.434,0.3,1.2,.227,2.2,4.4,.488,.458,1.6,2.1,.795,0.9,1.4,2.3,0.4,0.2,0.1,0.6,0.9,6.7
294,Dejounte Murray,murrade01,PG,20,SAS,11,1,4.2,0.4,1.3,.286,0.2,0.4,.500,0.2,0.9,.200,.357,0.4,0.7,.500,0.0,0.5,0.5,0.7,0.0,0.0,0.7,0.6,1.3
295,Jamal Murray,murraja01,SG,19,DEN,23,3,22.1,3.4,8.9,.385,1.7,4.4,.386,1.7,4.5,.385,.480,1.4,1.7,.842,0.6,2.3,2.9,2.0,0.4,0.3,1.6,1.8,10.0
296,Mike Muscala,muscami01,C,25,ATL,23,3,22.1,3.4,6.1,.553,0.7,1.7,.425,2.7,4.4,.604,.613,1.2,1.5,.794,1.2,2.9,4.1,1.4,0.6,0.7,1.2,1.8,8.7
297,Larry Nance Jr.,nancela02,PF,24,LAL,21,0,22.1,3.3,5.7,.580,0.0,0.5,.100,3.2,5.2,.624,.584,0.7,1.0,.750,1.5,4.2,5.7,1.2,1.2,0.4,0.6,2.1,7.3
298,Shabazz Napier,napiesh01,PG,25,POR,13,0,6.1,0.8,2.3,.367,0.5,1.8,.304,0.3,0.5,.571,.483,0.5,0.9,.583,0.0,0.6,0.6,1.0,0.6,0.0,0.4,0.6,2.8
299,Maurice Ndour,ndourma01,PF,24,NYK,11,0,8.4,0.8,1.9,.429,0.0,0.2,.000,0.8,1.7,.474,.429,0.5,0.5,.833,0.3,1.1,1.4,0.1,0.4,0.2,0.2,1.0,2.1
300,Jameer Nelson,nelsoja01,PG,34,DEN,23,6,27.0,3.9,8.6,.449,1.3,3.5,.383,2.5,5.1,.496,.528,0.6,0.9,.700,0.4,2.5,2.9,4.6,0.7,0.1,2.1,3.2,9.7
301,Raul Neto,netora01,PG,24,UTA,10,0,4.1,0.7,1.4,.500,0.3,0.5,.600,0.4,0.9,.444,.607,0.1,0.1,1.000,0.0,0.4,0.4,0.3,0.0,0.0,0.5,0.4,1.8
302,Georges Niang,niangge01,PF,23,IND,13,0,5.5,0.3,2.1,.148,0.1,0.8,.100,0.2,1.3,.176,.167,0.2,0.2,1.000,0.2,0.8,1.0,0.4,0.1,0.0,0.3,0.4,0.8
303,Andrew Nicholson,nichoan01,PF,27,WAS,15,0,9.9,1.5,3.5,.415,0.1,0.7,.100,1.4,2.9,.488,.425,0.3,0.6,.556,0.4,1.0,1.4,0.2,0.4,0.3,0.5,1.5,3.3
304,Joakim Noah,noahjo01,C,31,NYK,18,18,21.7,1.9,3.9,.493,0.0,0.1,.000,1.9,3.9,.500,.493,0.4,1.5,.259,3.2,4.7,7.9,2.8,0.7,0.8,1.0,2.6,4.3
305,Lucas Nogueira,noguelu01,C,24,TOR,16,0,18.6,2.1,2.7,.791,0.0,0.0,,2.1,2.7,.791,.791,0.9,1.3,.714,1.6,2.8,4.4,0.7,1.1,1.9,0.7,2.6,5.2
306,Steve Novak,novakst01,PF,33,MIL,2,0,2.5,0.0,1.0,.000,0.0,1.0,.000,0.0,0.0,,.000,0.0,0.0,,0.0,0.5,0.5,0.0,0.0,0.0,0.0,0.0,0.0
307,Dirk Nowitzki,nowitdi01,PF,38,DAL,5,5,26.2,4.8,13.4,.358,1.2,4.4,.273,3.6,9.0,.400,.403,1.4,1.4,1.000,0.4,6.0,6.4,1.4,0.6,0.6,1.0,1.8,12.2
308,Jusuf Nurkic,nurkiju01,C,22,DEN,23,23,21.4,4.2,8.0,.522,0.0,0.0,,4.2,8.0,.522,.522,1.4,2.8,.500,2.7,4.6,7.3,1.5,0.7,1.0,2.3,2.3,9.7
309,Kyle O'Quinn,oquinky01,PF,26,NYK,22,4,14.7,2.5,4.4,.577,0.0,0.1,.000,2.5,4.3,.596,.577,0.6,0.9,.700,2.0,2.8,4.8,1.1,0.3,1.2,0.9,2.1,5.7
310,Daniel Ochefu,ochefda01,C,23,WAS,3,0,2.7,0.3,1.0,.333,0.0,0.0,,0.3,1.0,.333,.333,0.0,0.0,,0.0,1.0,1.0,0.0,0.0,0.0,0.3,0.7,0.7
311,Jahlil Okafor,okafoja01,C,21,PHI,19,6,22.1,4.9,9.5,.519,0.0,0.0,,4.9,9.5,.519,.519,1.3,2.5,.532,1.4,3.0,4.4,0.9,0.4,1.2,1.3,2.5,11.2
312,Victor Oladipo,oladivi01,SG,24,OKC,22,22,35.2,6.7,14.5,.461,2.2,5.8,.386,4.5,8.7,.510,.538,1.4,2.3,.620,0.5,3.9,4.5,3.0,1.0,0.3,1.7,1.9,17.0
313,Kelly Olynyk,olynyke01,C,25,BOS,16,5,21.4,3.2,6.6,.481,1.1,3.1,.367,2.1,3.6,.579,.566,1.0,1.2,.842,0.7,3.3,4.0,1.7,0.6,0.2,1.3,2.8,8.5
314,Arinze Onuaku,onuakar01,C,29,ORL,3,0,4.0,0.3,0.3,1.000,0.0,0.0,,0.3,0.3,1.000,1.000,0.0,0.0,,0.0,0.3,0.3,0.0,0.0,0.3,0.0,0.7,0.7
315,Kelly Oubre,oubreke01,SF,21,WAS,20,0,16.0,1.9,4.5,.416,0.6,1.9,.316,1.3,2.6,.490,.483,0.9,1.2,.739,0.7,2.3,3.0,0.7,0.6,0.1,0.6,1.9,5.2
316,Zaza Pachulia,pachuza01,C,32,GSW,23,23,17.5,1.7,3.4,.500,0.0,0.0,,1.7,3.4,.500,.500,1.0,1.2,.786,2.0,3.6,5.5,2.4,0.8,0.5,1.4,2.0,4.3
317,Georgios Papagiannis,papagge01,C,19,SAC,1,0,6.0,1.0,1.0,1.000,0.0,0.0,,1.0,1.0,1.000,1.000,0.0,0.0,,0.0,1.0,1.0,0.0,0.0,0.0,1.0,3.0,2.0
318,Jabari Parker,parkeja01,PF,21,MIL,20,20,32.7,7.4,15.9,.464,1.0,3.1,.328,6.4,12.8,.496,.495,3.5,4.5,.787,1.7,4.2,5.9,2.2,1.1,0.3,1.5,1.6,19.2
319,Tony Parker,parketo01,PG,34,SAS,15,15,25.7,3.7,8.5,.430,0.3,1.0,.333,3.3,7.5,.442,.449,1.7,1.9,.862,0.3,1.5,1.8,4.4,0.4,0.1,1.7,2.0,9.3
320,Chandler Parsons,parsoch01,SF,28,MEM,6,6,21.0,3.0,7.7,.391,0.8,3.5,.238,2.2,4.2,.520,.446,0.8,1.0,.833,0.3,2.7,3.0,0.8,0.3,0.3,1.3,0.8,7.7
321,Patrick Patterson,pattepa01,PF,27,TOR,22,0,28.9,2.6,7.2,.361,1.7,4.8,.352,0.9,2.4,.377,.478,1.0,1.3,.724,1.1,4.7,5.8,1.6,1.0,0.4,0.6,2.5,7.8
322,Chris Paul,paulch01,PG,31,LAC,23,23,31.5,5.7,12.4,.458,2.1,5.3,.397,3.6,7.2,.503,.542,4.2,4.7,.898,0.8,4.4,5.2,9.0,2.5,0.2,2.3,2.4,17.7
323,Adreian Payne,paynead01,PF,25,MIN,7,0,9.4,2.1,4.0,.536,0.3,1.1,.250,1.9,2.9,.650,.571,1.6,1.9,.846,0.7,1.3,2.0,0.4,0.6,0.6,0.7,2.1,6.1
324,Elfrid Payton,paytoel01,PG,22,ORL,23,16,29.0,4.4,9.9,.449,0.5,2.1,.229,4.0,7.8,.508,.474,1.3,2.3,.566,0.7,3.0,3.7,5.3,1.3,0.7,1.9,2.1,10.7
325,Paul Pierce,piercpa01,SF,39,LAC,6,1,12.8,1.2,3.2,.368,0.8,2.3,.357,0.3,0.8,.400,.500,1.0,1.0,1.000,0.0,1.3,1.3,0.3,0.2,0.3,0.5,2.8,4.2
326,Marshall Plumlee,plumlma02,C,24,NYK,2,0,12.5,0.5,0.5,1.000,0.0,0.0,,0.5,0.5,1.000,1.000,1.0,1.5,.667,0.5,2.5,3.0,0.5,0.5,0.0,0.0,1.5,2.0
327,Mason Plumlee,plumlma01,C,26,POR,24,24,27.7,4.2,8.0,.524,0.0,0.1,.000,4.2,7.9,.529,.524,1.5,3.0,.500,1.9,5.2,7.1,4.5,0.9,1.0,1.6,2.7,9.8
328,Miles Plumlee,plumlmi01,C,28,MIL,17,9,11.6,1.0,2.1,.472,0.0,0.0,,1.0,2.1,.472,.472,0.8,1.2,.700,1.0,1.2,2.2,0.9,0.5,0.3,0.8,2.1,2.8
329,Jakob Poeltl,poeltja01,C,21,TOR,11,2,13.2,1.2,2.6,.448,0.0,0.0,,1.2,2.6,.448,.448,0.7,1.2,.615,1.8,1.9,3.7,0.4,0.5,0.5,0.4,2.7,3.1
330,Otto Porter,porteot01,SF,23,WAS,21,21,34.4,5.8,10.8,.535,1.5,3.6,.408,4.3,7.1,.600,.604,1.1,1.4,.793,2.0,5.8,7.7,1.5,2.0,0.5,0.9,3.0,14.1
331,Bobby Portis,portibo01,PF,21,CHI,18,0,11.6,1.7,3.4,.492,0.2,0.5,.444,1.4,2.9,.500,.525,0.5,0.8,.600,1.4,1.8,3.2,0.8,0.1,0.2,0.5,1.6,4.1
332,Kristaps Porzingis,porzikr01,PF,21,NYK,22,22,33.9,7.3,15.9,.461,2.1,5.6,.379,5.2,10.2,.507,.529,3.1,4.0,.773,1.9,5.5,7.4,1.3,0.6,1.7,1.5,3.8,19.9
333,Dwight Powell,poweldw01,C,25,DAL,21,1,20.6,2.8,5.9,.472,0.0,0.3,.167,2.7,5.6,.487,.476,1.2,1.7,.714,1.5,3.4,4.9,0.8,1.4,0.7,0.4,2.0,6.8
334,Norman Powell,powelno01,SG,23,TOR,18,4,13.8,1.9,4.1,.479,0.8,1.8,.438,1.2,2.3,.512,.575,1.2,1.5,.778,0.2,1.7,1.9,1.1,0.4,0.1,0.5,1.7,5.8
335,Tim Quarterman,quartti01,SG,22,POR,7,0,3.0,1.0,1.0,1.000,0.3,0.3,1.000,0.7,0.7,1.000,1.143,0.0,0.0,,0.3,0.1,0.4,0.4,0.0,0.3,0.0,0.1,2.3
336,Julius Randle,randlju01,PF,22,LAL,21,21,27.9,5.2,10.2,.507,0.1,0.7,.214,5.0,9.6,.527,.514,2.4,3.5,.676,2.0,6.8,8.9,3.3,0.7,0.5,2.8,3.2,12.9
337,Zach Randolph,randoza01,PF,35,MEM,17,0,21.9,5.8,12.8,.452,0.2,0.9,.250,5.5,11.8,.468,.461,1.9,2.7,.696,2.2,6.1,8.3,1.1,0.4,0.1,1.2,2.1,13.6
338,J.J. Redick,redicjj01,SG,32,LAC,22,22,26.6,5.1,10.8,.477,2.5,5.4,.454,2.7,5.4,.500,.591,2.2,2.4,.906,0.1,1.8,1.9,1.0,0.8,0.1,1.7,1.5,14.9
339,Willie Reed,reedwi02,PF,26,MIA,15,0,12.1,1.7,2.7,.625,0.0,0.0,,1.7,2.7,.625,.625,0.6,1.3,.450,1.5,1.7,3.3,0.3,0.1,0.2,0.3,1.4,3.9
340,Josh Richardson,richajo01,SG,23,MIA,13,9,28.1,4.2,10.5,.394,1.9,5.3,.362,2.2,5.2,.426,.485,0.7,1.0,.692,0.6,2.5,3.1,1.8,0.8,0.5,1.2,2.6,10.9
341,Malachi Richardson,richama01,SG,21,SAC,2,0,4.0,0.5,2.0,.250,0.5,1.5,.333,0.0,0.5,.000,.375,0.0,0.0,,0.0,0.0,0.0,0.0,0.0,0.0,0.0,0.5,1.5
342,Austin Rivers,riverau01,SG,24,LAC,23,0,22.3,3.0,7.3,.413,0.9,2.6,.339,2.1,4.7,.454,.473,1.1,1.7,.650,0.2,1.6,1.8,2.0,0.6,0.2,0.9,2.0,8.0
343,Andre Roberson,roberan03,SF,25,OKC,22,22,30.9,3.0,6.3,.471,0.8,2.6,.316,2.1,3.7,.580,.536,0.4,1.3,.286,1.0,3.5,4.5,1.1,1.2,1.1,0.6,2.7,7.1
344,Brian Roberts,roberbr01,PG,31,CHO,5,0,4.2,0.2,1.4,.143,0.0,0.4,.000,0.2,1.0,.200,.143,1.0,1.2,.833,0.2,0.6,0.8,0.4,0.0,0.0,0.0,0.0,1.4
345,Glenn Robinson,robingl02,SF,23,IND,20,5,18.9,2.4,5.6,.432,0.7,1.9,.351,1.8,3.7,.473,.491,0.9,1.2,.750,0.6,2.3,2.9,0.7,0.5,0.3,0.5,1.2,6.4
346,Thomas Robinson,robinth01,PF,25,LAL,15,1,9.1,0.9,2.7,.350,0.0,0.0,,0.9,2.7,.350,.350,0.5,1.2,.444,1.3,2.1,3.4,0.3,0.3,0.1,0.4,1.3,2.4
347,Sergio Rodriguez,rodrise01,PG,30,PHI,23,22,27.3,3.5,8.9,.390,1.4,4.0,.355,2.0,4.9,.420,.471,0.3,0.3,.875,0.4,2.7,3.1,6.7,1.0,0.2,2.7,1.4,8.7
348,Rajon Rondo,rondora01,PG,30,CHI,19,19,31.2,3.6,9.1,.399,0.5,1.6,.333,3.1,7.5,.413,.428,0.7,1.2,.591,1.1,5.6,6.6,7.1,1.4,0.3,2.7,2.4,8.5
349,Derrick Rose,rosede01,PG,28,NYK,21,21,31.9,6.6,14.7,.450,0.4,1.5,.250,6.2,13.2,.473,.463,3.0,3.6,.842,1.3,2.8,4.1,4.8,0.8,0.4,2.6,1.7,16.7
350,Terrence Ross,rosste01,SF,25,TOR,21,0,20.0,3.9,7.8,.494,1.8,4.0,.440,2.1,3.8,.550,.607,1.0,1.1,.957,0.3,1.6,1.9,0.7,1.0,0.3,0.5,1.5,10.5
351,Terry Rozier,roziete01,PG,22,BOS,22,0,18.5,2.3,5.6,.403,0.8,2.4,.346,1.5,3.3,.444,.476,0.9,1.2,.731,0.5,3.0,3.5,1.9,0.8,0.1,0.6,1.0,6.2
352,Ricky Rubio,rubiori01,PG,26,MIN,17,17,30.5,1.9,5.5,.340,0.6,2.4,.244,1.3,3.1,.415,.394,2.1,2.6,.778,1.1,2.7,3.8,6.5,1.4,0.1,1.9,2.8,6.4
353,Damjan Rudez,rudezda01,SF,30,ORL,12,0,8.5,0.5,1.6,.316,0.4,1.3,.313,0.1,0.3,.333,.447,0.0,0.0,,0.3,0.7,0.9,0.2,0.4,0.0,0.4,0.6,1.4
354,Brandon Rush,rushbr01,SG,31,MIN,9,0,10.7,0.6,2.4,.227,0.3,1.4,.231,0.2,1.0,.222,.295,0.1,0.2,.500,0.0,1.0,1.0,0.7,0.2,0.2,0.4,0.4,1.6
355,D'Angelo Russell,russeda01,PG,20,LAL,13,13,26.8,5.7,13.8,.413,2.5,6.6,.372,3.2,7.2,.452,.503,2.2,2.9,.763,0.5,2.8,3.4,4.8,1.3,0.3,3.1,2.3,16.1
356,Domantas Sabonis,sabondo01,PF,20,OKC,22,22,21.7,2.8,6.0,.462,1.0,2.4,.434,1.7,3.6,.481,.549,0.0,0.1,.500,0.4,2.7,3.1,1.5,0.7,0.4,1.1,2.9,6.6
357,Dario Saric,saricda01,PF,22,PHI,23,10,24.8,3.8,9.5,.397,1.4,3.7,.393,2.3,5.9,.400,.473,1.2,1.6,.730,1.0,5.0,6.0,1.7,0.5,0.3,2.0,2.0,10.2
358,Tomas Satoransky,satorto01,SG,25,WAS,18,2,16.6,1.6,3.9,.400,0.1,0.9,.118,1.4,2.9,.491,.414,0.6,0.9,.647,0.4,1.3,1.8,2.4,0.6,0.0,0.9,1.7,3.8
359,Dennis Schroder,schrode01,PG,23,ATL,23,23,29.6,6.1,14.0,.436,1.2,3.7,.333,4.9,10.3,.473,.480,2.3,2.9,.788,0.5,2.7,3.1,6.1,0.8,0.2,3.0,1.3,15.7
360,Luis Scola,scolalu01,PF,36,BRK,18,0,13.4,1.9,4.0,.486,0.3,1.3,.208,1.7,2.7,.625,.521,0.7,1.2,.591,1.5,2.5,4.0,0.9,0.5,0.2,1.1,1.8,4.9
361,Mike Scott,scottmi01,PF,28,ATL,3,0,9.3,0.3,3.0,.111,0.0,1.7,.000,0.3,1.3,.250,.111,0.0,0.0,,0.3,2.3,2.7,2.0,0.0,0.0,0.7,0.3,0.7
362,Thabo Sefolosha,sefolth01,SF,32,ATL,20,5,24.9,3.1,6.4,.488,0.5,1.6,.281,2.7,4.8,.558,.524,0.7,1.1,.636,1.0,3.6,4.6,1.9,2.1,0.3,1.0,1.3,7.4
363,Kevin Seraphin,serapke01,PF,27,IND,12,0,10.1,2.0,4.1,.490,0.0,0.0,,2.0,4.1,.490,.490,0.2,0.3,.500,1.5,2.2,3.7,0.7,0.3,0.4,0.6,1.1,4.2
364,Ramon Sessions,sessira01,PG,30,CHO,22,0,16.5,1.8,4.8,.371,0.2,1.1,.200,1.5,3.6,.425,.395,1.9,2.7,.712,0.2,1.0,1.2,3.1,0.6,0.1,0.9,1.0,5.7
365,Iman Shumpert,shumpim01,SG,26,CLE,19,1,21.7,2.2,4.6,.483,1.2,2.6,.449,1.1,2.0,.526,.609,1.1,1.2,.870,0.6,1.9,2.5,1.8,1.0,0.3,1.4,2.3,6.6
366,Pascal Siakam,siakapa01,PF,22,TOR,22,22,19.3,2.8,4.8,.575,0.0,0.1,.000,2.8,4.7,.587,.575,0.5,0.7,.750,1.3,2.4,3.7,0.4,0.6,0.6,0.7,2.3,6.1
367,Jonathon Simmons,simmojo02,SG,27,SAS,23,1,18.8,2.0,4.9,.407,0.2,1.1,.200,1.8,3.8,.466,.429,1.3,1.8,.738,0.3,1.9,2.2,1.9,0.9,0.4,0.9,1.7,5.6
368,Kyle Singler,singlky01,SF,28,OKC,10,0,12.0,0.8,2.8,.286,0.2,1.6,.125,0.6,1.2,.500,.321,0.3,0.4,.750,0.1,1.4,1.5,0.1,0.1,0.2,0.5,1.2,2.1
369,Marcus Smart,smartma01,PG,22,BOS,19,6,30.1,3.6,9.7,.368,1.3,4.7,.281,2.3,5.1,.448,.435,1.4,2.2,.643,0.9,3.1,4.0,3.9,1.2,0.4,1.8,2.4,9.9
370,Ish Smith,smithis01,PG,28,DET,24,21,29.1,4.4,10.5,.415,0.3,1.2,.241,4.1,9.3,.438,.429,1.2,1.6,.763,0.3,2.8,3.0,6.2,0.9,0.4,1.4,1.8,10.3
371,J.R. Smith,smithjr01,SG,31,CLE,16,16,29.3,2.6,8.3,.311,2.3,6.9,.327,0.3,1.4,.227,.447,0.4,0.4,1.000,0.4,1.8,2.1,1.3,1.5,0.5,0.8,2.5,7.8
372,Jason Smith,smithja02,C,30,WAS,20,0,11.3,1.3,3.1,.419,0.1,0.1,.500,1.3,3.0,.417,.427,0.1,0.1,1.000,0.6,1.7,2.3,0.3,0.2,0.4,0.9,2.2,2.8
373,Tony Snell,snellto01,SF,25,MIL,19,19,29.3,3.3,8.0,.408,1.6,5.6,.290,1.6,2.4,.689,.510,0.7,0.9,.778,0.6,3.4,3.9,1.0,0.4,0.1,0.7,1.7,8.9
374,Marreese Speights,speigma01,C,29,LAC,23,0,15.5,2.9,6.9,.424,0.9,2.9,.299,2.0,4.0,.516,.487,2.0,2.4,.818,1.3,3.5,4.8,0.7,0.3,0.5,0.6,2.8,8.7
375,Nik Stauskas,stausni01,SG,23,PHI,23,3,26.5,3.3,7.3,.458,1.7,4.3,.390,1.7,3.0,.559,.574,1.4,1.9,.727,0.3,2.4,2.7,1.9,0.4,0.5,1.6,1.6,9.8
376,Lance Stephenson,stephla01,SG,26,NOP,6,0,27.0,4.3,9.2,.473,0.2,1.7,.100,4.2,7.5,.556,.482,0.8,1.3,.625,0.5,2.5,3.0,4.8,0.3,0.2,1.8,3.0,9.7
377,Jarnell Stokes,stokeja01,PF,23,DEN,2,0,3.5,0.5,0.5,1.000,0.0,0.0,,0.5,0.5,1.000,1.000,0.5,1.0,.500,0.5,0.5,1.0,1.0,0.5,0.0,0.0,1.5,1.5
378,Diamond Stone,stonedi01,C,19,LAC,3,0,4.7,0.7,2.3,.286,0.0,0.0,,0.7,2.3,.286,.286,0.7,0.7,1.000,0.3,0.7,1.0,0.0,0.0,0.3,0.3,1.3,2.0
379,Rodney Stuckey,stuckro01,PG,30,IND,12,0,20.1,3.3,7.1,.471,0.4,1.5,.278,2.9,5.6,.522,.500,2.3,3.4,.683,0.3,2.2,2.4,1.5,0.6,0.0,1.7,1.4,9.4
380,Walter Tavares,tavarwa01,C,24,ATL,1,0,4.0,1.0,1.0,1.000,0.0,0.0,,1.0,1.0,1.000,1.000,0.0,2.0,.000,0.0,1.0,1.0,0.0,0.0,0.0,0.0,0.0,2.0
381,Jeff Teague,teaguje01,PG,28,IND,22,22,31.6,5.0,12.1,.417,0.9,3.1,.275,4.2,9.0,.467,.453,4.4,5.1,.850,0.5,3.3,3.8,6.8,2.0,0.6,2.6,2.5,15.3
382,Mirza Teletovic,teletmi01,PF,31,MIL,18,1,16.2,2.4,6.1,.391,1.9,5.1,.385,0.4,1.1,.421,.550,0.4,0.7,.667,0.3,2.1,2.4,0.7,0.1,0.2,0.7,1.6,7.2
383,Garrett Temple,templga01,SG,30,SAC,21,0,21.6,2.1,4.8,.440,1.0,2.6,.407,1.0,2.2,.478,.550,0.6,0.8,.813,0.4,2.1,2.5,1.8,0.9,0.5,0.8,1.6,5.9
384,Jason Terry,terryja01,SG,39,MIL,15,0,17.3,0.9,3.1,.304,0.6,2.1,.290,0.3,1.0,.333,.402,0.3,0.3,.800,0.1,1.1,1.1,1.1,0.4,0.3,0.4,1.1,2.7
385,Isaiah Thomas,thomais02,PG,27,BOS,21,21,33.3,8.0,18.8,.425,2.2,6.6,.331,5.8,12.2,.477,.484,7.8,8.8,.886,0.5,2.1,2.6,6.2,0.9,0.1,2.2,2.3,26.0
386,Lance Thomas,thomala01,PF,28,NYK,12,0,16.3,2.0,4.8,.414,0.7,1.5,.444,1.3,3.3,.400,.483,0.3,0.3,.750,0.3,2.0,2.3,0.3,0.4,0.1,0.7,1.4,4.9
387,Hollis Thompson,thompho01,SG,25,PHI,23,1,19.0,2.3,5.6,.419,1.0,2.5,.379,1.4,3.1,.451,.504,0.5,0.8,.667,0.6,2.3,2.8,0.9,0.6,0.2,0.3,2.0,6.2
388,Klay Thompson,thompkl01,SG,26,GSW,23,23,33.7,8.3,17.4,.476,3.0,7.9,.387,5.3,9.6,.550,.564,2.4,2.7,.887,0.6,3.0,3.6,2.1,0.7,0.3,2.0,2.1,22.0
389,Tristan Thompson,thomptr01,C,25,CLE,20,20,29.3,2.7,4.5,.596,0.0,0.1,.000,2.7,4.4,.602,.596,1.2,2.7,.453,3.4,7.0,10.3,1.0,0.5,1.5,0.5,2.2,6.5
390,Marcus Thornton,thornma01,SG,29,WAS,20,1,19.1,2.8,7.4,.378,1.0,2.9,.333,1.9,4.6,.407,.443,1.0,1.1,.905,0.9,1.7,2.6,1.3,0.8,0.1,0.8,1.4,7.5
391,Anthony Tolliver,tollian01,PF,31,SAC,9,0,11.0,0.8,2.1,.368,0.3,1.6,.214,0.4,0.6,.800,.447,0.6,0.6,1.000,0.7,1.1,1.8,0.7,0.1,0.0,0.4,1.0,2.4
392,Karl-Anthony Towns,townska01,C,21,MIN,22,22,34.9,8.3,17.5,.474,1.5,3.9,.372,6.9,13.6,.503,.516,3.7,4.7,.786,3.3,7.0,10.4,2.3,0.8,1.5,2.2,3.1,21.8
393,P.J. Tucker,tuckepj01,SF,31,PHO,22,6,24.3,1.9,5.1,.372,0.5,2.1,.261,1.4,3.0,.448,.425,1.4,1.9,.756,1.6,3.9,5.5,1.0,1.0,0.2,0.9,2.1,5.8
394,Evan Turner,turneev01,SG,28,POR,24,1,25.2,3.5,8.5,.417,0.5,1.7,.268,3.1,6.8,.454,.444,1.7,1.9,.889,0.6,3.6,4.2,3.0,0.7,0.3,1.2,1.7,9.2
395,Myles Turner,turnemy01,C,20,IND,21,21,28.4,5.5,10.3,.532,0.4,1.3,.321,5.0,9.0,.564,.553,3.2,4.1,.782,1.6,5.7,7.2,1.0,0.9,2.2,1.6,3.1,14.6
396,Beno Udrih,udrihbe01,PG,34,DET,21,0,17.5,2.9,6.3,.459,0.4,1.0,.364,2.5,5.3,.477,.489,0.9,1.0,.900,0.2,1.5,1.8,3.4,0.3,0.0,0.9,0.9,7.0
397,Tyler Ulis,ulisty01,PG,21,PHO,13,0,10.9,1.4,3.5,.400,0.1,0.4,.200,1.3,3.1,.425,.411,0.8,0.9,.833,0.2,0.5,0.7,1.8,1.2,0.1,0.8,1.0,3.6
398,Jonas Valanciunas,valanjo01,C,24,TOR,20,20,28.1,5.0,9.3,.538,0.0,0.0,,5.0,9.3,.538,.538,2.5,3.0,.833,3.2,6.3,9.4,0.9,0.4,0.8,1.6,2.7,12.5
399,Denzel Valentine,valende01,SG,23,CHI,16,0,10.8,0.8,2.9,.277,0.6,2.1,.273,0.3,0.9,.286,.372,0.1,0.1,.500,0.1,1.4,1.5,0.4,0.3,0.1,0.3,1.2,2.3
400,Fred VanVleet,vanvlfr01,PG,22,TOR,5,0,2.6,0.6,1.0,.600,0.2,0.4,.500,0.4,0.6,.667,.700,0.0,0.0,,0.0,0.2,0.2,0.4,0.4,0.0,0.2,0.2,1.4
401,Anderson Varejao,varejan01,C,34,GSW,6,0,5.2,0.3,0.8,.400,0.0,0.0,,0.3,0.8,.400,.400,1.2,1.3,.875,0.8,1.0,1.8,0.8,0.2,0.2,0.5,0.8,1.8
402,Greivis Vasquez,vasqugr01,PG,30,BRK,3,0,13.0,0.7,2.7,.250,0.3,1.0,.333,0.3,1.7,.200,.313,0.7,1.0,.667,0.0,0.7,0.7,1.7,0.3,0.3,0.3,2.0,2.3
403,Rashad Vaughn,vaughra01,SG,20,MIL,11,0,13.0,1.9,4.9,.389,1.1,3.1,.353,0.8,1.8,.450,.500,0.0,0.0,,0.0,1.1,1.1,0.2,0.5,0.4,0.3,0.7,4.9
404,Noah Vonleh,vonleno01,PF,21,POR,18,1,10.5,0.9,2.6,.362,0.3,1.1,.316,0.6,1.6,.393,.426,0.5,0.6,.818,0.4,2.6,3.0,0.2,0.2,0.4,0.8,1.4,2.7
405,Nikola Vucevic,vucevni01,C,26,ORL,23,16,27.6,5.5,12.6,.439,0.3,0.9,.300,5.3,11.7,.450,.450,1.1,1.7,.625,2.6,8.7,11.3,2.5,0.7,0.9,1.3,2.0,12.4
406,Sasha Vujacic,vujacsa01,SG,32,NYK,14,0,7.9,0.7,2.1,.333,0.4,1.3,.278,0.4,0.9,.417,.417,0.2,0.3,.750,0.1,1.5,1.6,0.9,0.3,0.0,0.4,0.8,2.0
407,Dwyane Wade,wadedw01,SG,35,CHI,20,20,31.4,7.2,16.2,.444,1.2,3.3,.354,6.1,13.0,.467,.480,4.3,5.2,.827,1.4,2.9,4.3,3.4,1.6,0.7,2.3,2.2,19.9
408,Dion Waiters,waitedi01,SG,25,MIA,16,16,31.8,5.5,14.3,.384,1.3,3.8,.344,4.2,10.5,.399,.430,1.9,2.9,.652,0.4,3.0,3.4,3.9,0.9,0.6,2.2,2.6,14.2
409,Kemba Walker,walkeke02,PG,26,CHO,22,22,33.5,8.4,18.0,.466,2.7,6.6,.414,5.6,11.4,.496,.542,4.2,5.4,.780,0.4,3.5,4.0,5.0,1.6,0.3,2.1,1.5,23.6
410,John Wall,walljo01,PG,26,WAS,19,19,36.0,8.5,18.7,.455,1.4,3.7,.371,7.2,15.1,.476,.492,5.2,6.3,.824,0.8,3.5,4.3,9.5,2.2,0.6,4.5,2.4,23.6
411,Taurean Waller-Prince,princta02,SF,22,ATL,15,0,11.7,1.4,3.5,.396,0.5,1.6,.292,0.9,1.9,.483,.462,0.7,0.8,.917,0.3,2.1,2.4,0.8,0.3,0.3,0.8,1.3,4.0
412,T.J. Warren,warretj01,SF,23,PHO,13,13,32.4,7.2,15.6,.458,0.6,2.0,.308,6.5,13.6,.480,.478,2.8,3.4,.818,2.0,2.3,4.3,1.0,1.9,0.3,1.0,2.8,17.7
413,C.J. Watson,watsocj01,PG,32,ORL,18,0,11.7,0.6,2.2,.275,0.4,0.9,.438,0.2,1.3,.167,.363,0.7,0.9,.813,0.1,1.1,1.2,1.0,0.6,0.0,0.2,0.7,2.3
414,David West,westda01,PF,36,GSW,23,0,10.7,1.7,3.2,.521,0.0,0.0,.000,1.7,3.1,.528,.521,0.6,0.9,.700,0.7,1.9,2.6,1.6,0.5,0.5,1.1,1.6,3.9
415,Russell Westbrook,westbru01,PG,28,OKC,22,22,35.7,10.3,24.1,.427,1.9,5.6,.333,8.5,18.5,.456,.466,8.5,10.5,.810,2.2,8.6,10.9,11.3,1.3,0.4,5.6,2.4,31.0
416,Isaiah Whitehead,whiteis01,PG,21,BRK,17,11,22.8,2.4,6.5,.369,0.5,1.8,.258,1.9,4.7,.413,.405,0.9,1.2,.800,0.3,2.2,2.5,3.0,0.8,0.6,2.2,2.5,6.2
417,Hassan Whiteside,whiteha01,C,27,MIA,22,22,33.5,7.4,13.5,.549,0.0,0.0,,7.4,13.5,.549,.549,2.8,5.1,.540,4.3,10.4,14.7,0.7,0.7,2.5,2.0,3.3,17.6
418,Andrew Wiggins,wiggian01,SF,21,MIN,22,22,36.5,7.8,17.9,.437,1.5,3.9,.376,6.4,14.0,.453,.477,5.3,6.9,.763,1.2,2.9,4.0,2.4,0.5,0.4,2.6,2.2,22.4
419,C.J. Wilcox,wilcocj01,SG,26,ORL,9,0,5.4,0.2,1.0,.222,0.2,0.9,.250,0.0,0.1,.000,.333,0.2,0.2,1.000,0.1,0.2,0.3,0.6,0.0,0.0,0.3,0.1,0.9
420,Alan Williams,willial03,PF,24,PHO,8,0,10.1,2.0,3.1,.640,0.0,0.0,,2.0,3.1,.640,.640,0.8,1.8,.429,2.1,2.6,4.8,0.1,0.6,0.9,1.0,2.0,4.8
421,Deron Williams,willide01,PG,32,DAL,13,13,29.0,4.4,11.3,.388,1.5,4.8,.306,2.9,6.5,.447,.452,1.7,1.9,.880,0.2,2.2,2.4,6.5,0.3,0.2,2.4,2.4,11.9
422,Derrick Williams,willide02,SF,25,MIA,13,9,15.8,2.3,6.2,.375,0.4,2.3,.167,1.9,3.8,.500,.406,1.0,1.8,.542,0.6,1.9,2.5,0.3,0.3,0.3,0.5,1.2,6.0
423,Lou Williams,willilo02,SG,30,LAL,24,0,24.7,6.0,13.0,.457,2.0,5.0,.397,4.0,8.0,.495,.534,4.8,5.5,.864,0.3,2.1,2.3,3.4,1.3,0.1,2.3,1.0,18.7
424,Marvin Williams,willima02,PF,30,CHO,16,16,27.4,3.5,10.1,.346,1.9,5.6,.344,1.6,4.5,.347,.441,1.1,1.3,.810,1.0,5.0,6.0,1.2,0.4,0.4,0.6,1.6,10.0
425,Troy Williams,willitr02,SF,22,MEM,18,9,17.9,2.2,5.1,.424,0.4,1.8,.219,1.8,3.3,.533,.462,0.7,1.3,.565,0.2,1.6,1.8,0.8,1.2,0.3,1.1,1.7,5.4
426,Kyle Wiltjer,wiltjky01,PF,24,HOU,4,0,2.5,0.3,1.0,.250,0.3,1.0,.250,0.0,0.0,,.375,0.0,0.0,,0.0,0.8,0.8,0.0,0.0,0.0,0.5,0.5,0.8
427,Justise Winslow,winslju01,SF,20,MIA,9,9,35.9,4.7,13.9,.336,0.7,3.0,.222,4.0,10.9,.367,.360,1.6,2.1,.737,1.2,3.4,4.7,4.0,1.6,0.3,1.6,3.2,11.6
428,Jeff Withey,witheje01,C,26,UTA,20,0,9.3,1.1,1.8,.583,0.0,0.1,.000,1.1,1.8,.600,.583,0.7,1.0,.737,0.9,1.5,2.3,0.1,0.4,0.8,0.4,1.3,2.8
429,Christian Wood,woodch01,PF,21,CHO,1,0,3.0,0.0,1.0,.000,0.0,1.0,.000,0.0,0.0,,.000,0.0,0.0,,0.0,2.0,2.0,0.0,0.0,0.0,0.0,0.0,0.0
430,Metta World Peace,artesro01,SF,37,LAL,10,1,6.5,0.5,2.0,.250,0.2,1.1,.182,0.3,0.9,.333,.300,0.4,0.6,.667,0.3,0.4,0.7,0.4,0.3,0.2,0.1,1.0,1.6
431,James Young,youngja01,SG,21,BOS,11,0,5.8,0.5,1.3,.429,0.2,0.6,.286,0.4,0.6,.571,.500,0.0,0.0,,0.2,0.8,1.0,0.3,0.3,0.0,0.1,0.2,1.3
432,Joe Young,youngjo01,PG,24,IND,15,0,6.3,1.3,3.3,.380,0.2,0.9,.214,1.1,2.4,.444,.410,0.5,0.7,.727,0.1,0.8,0.9,0.7,0.3,0.0,0.1,0.3,3.3
433,Nick Young,youngni01,SG,31,LAL,18,18,25.0,4.5,9.9,.455,2.6,6.2,.414,1.9,3.7,.522,.584,1.8,1.9,.941,0.4,2.0,2.4,1.1,0.3,0.4,0.7,2.7,13.3
434,Thaddeus Young,youngth01,PF,28,IND,22,22,29.8,5.0,9.5,.534,0.8,2.0,.409,4.2,7.5,.567,.577,0.8,1.4,.548,1.7,4.4,6.1,1.5,1.1,0.5,1.4,1.6,11.7
435,Cody Zeller,zelleco01,PF,24,CHO,19,17,25.1,3.9,6.8,.581,0.0,0.0,,3.9,6.8,.581,.581,2.6,4.1,.636,1.7,4.1,5.8,1.2,0.5,1.2,0.8,3.3,10.5
436,Tyler Zeller,zellety01,C,27,BOS,21,5,13.5,2.0,4.2,.489,0.0,0.0,,2.0,4.2,.489,.489,0.6,1.0,.591,1.3,2.2,3.5,1.0,0.2,0.7,0.5,1.6,4.7
437,Stephen Zimmerman,zimmest01,C,20,ORL,2,0,5.5,0.5,1.0,.500,0.0,0.0,,0.5,1.0,.500,.500,0.0,0.5,.000,1.0,1.0,2.0,0.5,0.0,0.0,0.0,0.0,1.0
438,Paul Zipser,zipsepa01,SF,22,CHI,6,0,5.0,0.0,1.0,.000,0.0,0.3,.000,0.0,0.7,.000,.000,0.0,0.0,,0.2,1.0,1.2,0.5,0.2,0.0,0.2,0.5,0.0
439,Ivica Zubac,zubaciv01,C,19,LAL,4,1,8.0,0.8,2.0,.375,0.0,0.0,,0.8,2.0,.375,.375,0.8,1.0,.750,0.5,1.0,1.5,0.0,0.3,0.0,0.3,1.5,2.3
